,date_forecast,predicted
0,2023-05-01 00:00:00,1.7173124e-06
1,2023-05-01 01:00:00,2.69734e-06
2,2023-05-01 02:00:00,1.6054474e-06
3,2023-05-01 03:00:00,1.5624021
4,2023-05-01 04:00:00,29.302256
5,2023-05-01 05:00:00,73.008194
6,2023-05-01 06:00:00,120.52817
7,2023-05-01 07:00:00,256.4993
8,2023-05-01 08:00:00,277.28506
9,2023-05-01 09:00:00,460.93448
10,2023-05-01 10:00:00,455.8802
11,2023-05-01 11:00:00,600.8319
12,2023-05-01 12:00:00,319.26547
13,2023-05-01 13:00:00,325.37543
14,2023-05-01 14:00:00,218.8935
15,2023-05-01 15:00:00,253.04523
16,2023-05-01 16:00:00,210.84581
17,2023-05-01 17:00:00,124.75154
18,2023-05-01 18:00:00,56.709194
19,2023-05-01 19:00:00,2.790865
20,2023-05-01 20:00:00,0.00012663689
21,2023-05-01 21:00:00,3.5398023e-06
22,2023-05-01 22:00:00,4.6021255e-06
23,2023-05-01 23:00:00,1.4649361e-06
24,2023-05-02 00:00:00,0.0
25,2023-05-02 01:00:00,0.0
26,2023-05-02 02:00:00,0.0
27,2023-05-02 03:00:00,0.0
28,2023-05-02 04:00:00,0.0
29,2023-05-02 05:00:00,0.0
30,2023-05-02 06:00:00,0.0
31,2023-05-02 07:00:00,0.0
32,2023-05-02 08:00:00,0.0
33,2023-05-02 09:00:00,0.0
34,2023-05-02 10:00:00,0.0
35,2023-05-02 11:00:00,0.0
36,2023-05-02 12:00:00,0.0
37,2023-05-02 13:00:00,0.0
38,2023-05-02 14:00:00,0.0
39,2023-05-02 15:00:00,0.0
40,2023-05-02 16:00:00,0.0
41,2023-05-02 17:00:00,0.0
42,2023-05-02 18:00:00,0.0
43,2023-05-02 19:00:00,0.0
44,2023-05-02 20:00:00,0.0
45,2023-05-02 21:00:00,0.0
46,2023-05-02 22:00:00,0.0
47,2023-05-02 23:00:00,0.0
48,2023-05-03 00:00:00,0.0
49,2023-05-03 01:00:00,0.0
50,2023-05-03 02:00:00,0.0
51,2023-05-03 03:00:00,0.0
52,2023-05-03 04:00:00,0.0
53,2023-05-03 05:00:00,0.0
54,2023-05-03 06:00:00,0.0
55,2023-05-03 07:00:00,0.0
56,2023-05-03 08:00:00,0.0
57,2023-05-03 09:00:00,0.0
58,2023-05-03 10:00:00,0.0
59,2023-05-03 11:00:00,0.0
60,2023-05-03 12:00:00,0.0
61,2023-05-03 13:00:00,0.0
62,2023-05-03 14:00:00,0.0
63,2023-05-03 15:00:00,0.0
64,2023-05-03 16:00:00,0.0
65,2023-05-03 17:00:00,0.0
66,2023-05-03 18:00:00,0.0
67,2023-05-03 19:00:00,0.0
68,2023-05-03 20:00:00,0.0
69,2023-05-03 21:00:00,0.0
70,2023-05-03 22:00:00,0.0
71,2023-05-03 23:00:00,0.0
72,2023-05-04 00:00:00,0.0
73,2023-05-04 01:00:00,0.0
74,2023-05-04 02:00:00,0.0
75,2023-05-04 03:00:00,0.0
76,2023-05-04 04:00:00,0.0
77,2023-05-04 05:00:00,0.0
78,2023-05-04 06:00:00,0.0
79,2023-05-04 07:00:00,0.0
80,2023-05-04 08:00:00,0.0
81,2023-05-04 09:00:00,0.0
82,2023-05-04 10:00:00,0.0
83,2023-05-04 11:00:00,0.0
84,2023-05-04 12:00:00,0.0
85,2023-05-04 13:00:00,0.0
86,2023-05-04 14:00:00,0.0
87,2023-05-04 15:00:00,0.0
88,2023-05-04 16:00:00,0.0
89,2023-05-04 17:00:00,0.0
90,2023-05-04 18:00:00,0.0
91,2023-05-04 19:00:00,0.0
92,2023-05-04 20:00:00,0.0
93,2023-05-04 21:00:00,0.0
94,2023-05-04 22:00:00,0.0
95,2023-05-04 23:00:00,0.0
96,2023-05-05 00:00:00,0.0
97,2023-05-05 01:00:00,0.0
98,2023-05-05 02:00:00,0.0
99,2023-05-05 03:00:00,0.0
100,2023-05-05 04:00:00,0.0
101,2023-05-05 05:00:00,0.0
102,2023-05-05 06:00:00,0.0
103,2023-05-05 07:00:00,0.0
104,2023-05-05 08:00:00,0.0
105,2023-05-05 09:00:00,0.0
106,2023-05-05 10:00:00,0.0
107,2023-05-05 11:00:00,0.0
108,2023-05-05 12:00:00,0.0
109,2023-05-05 13:00:00,0.0
110,2023-05-05 14:00:00,0.0
111,2023-05-05 15:00:00,0.0
112,2023-05-05 16:00:00,0.0
113,2023-05-05 17:00:00,0.0
114,2023-05-05 18:00:00,0.0
115,2023-05-05 19:00:00,0.0
116,2023-05-05 20:00:00,0.0
117,2023-05-05 21:00:00,0.0
118,2023-05-05 22:00:00,0.0
119,2023-05-05 23:00:00,0.0
120,2023-05-06 00:00:00,3.339339e-06
121,2023-05-06 01:00:00,3.383758e-06
122,2023-05-06 02:00:00,2.4517203e-06
123,2023-05-06 03:00:00,10.530226
124,2023-05-06 04:00:00,60.506622
125,2023-05-06 05:00:00,131.51321
126,2023-05-06 06:00:00,150.7201
127,2023-05-06 07:00:00,342.8792
128,2023-05-06 08:00:00,293.1258
129,2023-05-06 09:00:00,541.07794
130,2023-05-06 10:00:00,680.372
131,2023-05-06 11:00:00,594.8514
132,2023-05-06 12:00:00,603.3608
133,2023-05-06 13:00:00,576.3642
134,2023-05-06 14:00:00,509.5204
135,2023-05-06 15:00:00,431.99982
136,2023-05-06 16:00:00,220.26132
137,2023-05-06 17:00:00,184.33441
138,2023-05-06 18:00:00,102.739914
139,2023-05-06 19:00:00,27.11644
140,2023-05-06 20:00:00,6.157939
141,2023-05-06 21:00:00,5.4653474e-06
142,2023-05-06 22:00:00,1.0421158e-05
143,2023-05-06 23:00:00,1.1046561e-05
144,2023-05-07 00:00:00,0.0
145,2023-05-07 01:00:00,0.0
146,2023-05-07 02:00:00,0.0
147,2023-05-07 03:00:00,0.0
148,2023-05-07 04:00:00,0.0
149,2023-05-07 05:00:00,0.0
150,2023-05-07 06:00:00,0.0
151,2023-05-07 07:00:00,0.0
152,2023-05-07 08:00:00,0.0
153,2023-05-07 09:00:00,0.0
154,2023-05-07 10:00:00,0.0
155,2023-05-07 11:00:00,0.0
156,2023-05-07 12:00:00,0.0
157,2023-05-07 13:00:00,0.0
158,2023-05-07 14:00:00,0.0
159,2023-05-07 15:00:00,0.0
160,2023-05-07 16:00:00,0.0
161,2023-05-07 17:00:00,0.0
162,2023-05-07 18:00:00,0.0
163,2023-05-07 19:00:00,0.0
164,2023-05-07 20:00:00,0.0
165,2023-05-07 21:00:00,0.0
166,2023-05-07 22:00:00,0.0
167,2023-05-07 23:00:00,0.0
168,2023-05-08 00:00:00,0.0
169,2023-05-08 01:00:00,0.0
170,2023-05-08 02:00:00,0.0
171,2023-05-08 03:00:00,0.0
172,2023-05-08 04:00:00,0.0
173,2023-05-08 05:00:00,0.0
174,2023-05-08 06:00:00,0.0
175,2023-05-08 07:00:00,0.0
176,2023-05-08 08:00:00,0.0
177,2023-05-08 09:00:00,0.0
178,2023-05-08 10:00:00,0.0
179,2023-05-08 11:00:00,0.0
180,2023-05-08 12:00:00,0.0
181,2023-05-08 13:00:00,0.0
182,2023-05-08 14:00:00,0.0
183,2023-05-08 15:00:00,0.0
184,2023-05-08 16:00:00,0.0
185,2023-05-08 17:00:00,0.0
186,2023-05-08 18:00:00,0.0
187,2023-05-08 19:00:00,0.0
188,2023-05-08 20:00:00,0.0
189,2023-05-08 21:00:00,0.0
190,2023-05-08 22:00:00,0.0
191,2023-05-08 23:00:00,0.0
192,2023-05-09 00:00:00,0.0
193,2023-05-09 01:00:00,0.0
194,2023-05-09 02:00:00,0.0
195,2023-05-09 03:00:00,0.0
196,2023-05-09 04:00:00,0.0
197,2023-05-09 05:00:00,0.0
198,2023-05-09 06:00:00,0.0
199,2023-05-09 07:00:00,0.0
200,2023-05-09 08:00:00,0.0
201,2023-05-09 09:00:00,0.0
202,2023-05-09 10:00:00,0.0
203,2023-05-09 11:00:00,0.0
204,2023-05-09 12:00:00,0.0
205,2023-05-09 13:00:00,0.0
206,2023-05-09 14:00:00,0.0
207,2023-05-09 15:00:00,0.0
208,2023-05-09 16:00:00,0.0
209,2023-05-09 17:00:00,0.0
210,2023-05-09 18:00:00,0.0
211,2023-05-09 19:00:00,0.0
212,2023-05-09 20:00:00,0.0
213,2023-05-09 21:00:00,0.0
214,2023-05-09 22:00:00,0.0
215,2023-05-09 23:00:00,0.0
216,2023-05-10 00:00:00,0.0
217,2023-05-10 01:00:00,0.0
218,2023-05-10 02:00:00,0.0
219,2023-05-10 03:00:00,0.0
220,2023-05-10 04:00:00,0.0
221,2023-05-10 05:00:00,0.0
222,2023-05-10 06:00:00,0.0
223,2023-05-10 07:00:00,0.0
224,2023-05-10 08:00:00,0.0
225,2023-05-10 09:00:00,0.0
226,2023-05-10 10:00:00,0.0
227,2023-05-10 11:00:00,0.0
228,2023-05-10 12:00:00,0.0
229,2023-05-10 13:00:00,0.0
230,2023-05-10 14:00:00,0.0
231,2023-05-10 15:00:00,0.0
232,2023-05-10 16:00:00,0.0
233,2023-05-10 17:00:00,0.0
234,2023-05-10 18:00:00,0.0
235,2023-05-10 19:00:00,0.0
236,2023-05-10 20:00:00,0.0
237,2023-05-10 21:00:00,0.0
238,2023-05-10 22:00:00,0.0
239,2023-05-10 23:00:00,0.0
240,2023-05-11 00:00:00,0.0
241,2023-05-11 01:00:00,0.0
242,2023-05-11 02:00:00,0.0
243,2023-05-11 03:00:00,0.0
244,2023-05-11 04:00:00,0.0
245,2023-05-11 05:00:00,0.0
246,2023-05-11 06:00:00,0.0
247,2023-05-11 07:00:00,0.0
248,2023-05-11 08:00:00,0.0
249,2023-05-11 09:00:00,0.0
250,2023-05-11 10:00:00,0.0
251,2023-05-11 11:00:00,0.0
252,2023-05-11 12:00:00,0.0
253,2023-05-11 13:00:00,0.0
254,2023-05-11 14:00:00,0.0
255,2023-05-11 15:00:00,0.0
256,2023-05-11 16:00:00,0.0
257,2023-05-11 17:00:00,0.0
258,2023-05-11 18:00:00,0.0
259,2023-05-11 19:00:00,0.0
260,2023-05-11 20:00:00,0.0
261,2023-05-11 21:00:00,0.0
262,2023-05-11 22:00:00,0.0
263,2023-05-11 23:00:00,0.0
264,2023-05-12 00:00:00,0.0
265,2023-05-12 01:00:00,0.0
266,2023-05-12 02:00:00,0.0
267,2023-05-12 03:00:00,0.0
268,2023-05-12 04:00:00,0.0
269,2023-05-12 05:00:00,0.0
270,2023-05-12 06:00:00,0.0
271,2023-05-12 07:00:00,0.0
272,2023-05-12 08:00:00,0.0
273,2023-05-12 09:00:00,0.0
274,2023-05-12 10:00:00,0.0
275,2023-05-12 11:00:00,0.0
276,2023-05-12 12:00:00,0.0
277,2023-05-12 13:00:00,0.0
278,2023-05-12 14:00:00,0.0
279,2023-05-12 15:00:00,0.0
280,2023-05-12 16:00:00,0.0
281,2023-05-12 17:00:00,0.0
282,2023-05-12 18:00:00,0.0
283,2023-05-12 19:00:00,0.0
284,2023-05-12 20:00:00,0.0
285,2023-05-12 21:00:00,0.0
286,2023-05-12 22:00:00,0.0
287,2023-05-12 23:00:00,0.0
288,2023-05-13 00:00:00,0.0
289,2023-05-13 01:00:00,0.0
290,2023-05-13 02:00:00,0.0
291,2023-05-13 03:00:00,0.0
292,2023-05-13 04:00:00,0.0
293,2023-05-13 05:00:00,0.0
294,2023-05-13 06:00:00,0.0
295,2023-05-13 07:00:00,0.0
296,2023-05-13 08:00:00,0.0
297,2023-05-13 09:00:00,0.0
298,2023-05-13 10:00:00,0.0
299,2023-05-13 11:00:00,0.0
300,2023-05-13 12:00:00,0.0
301,2023-05-13 13:00:00,0.0
302,2023-05-13 14:00:00,0.0
303,2023-05-13 15:00:00,0.0
304,2023-05-13 16:00:00,0.0
305,2023-05-13 17:00:00,0.0
306,2023-05-13 18:00:00,0.0
307,2023-05-13 19:00:00,0.0
308,2023-05-13 20:00:00,0.0
309,2023-05-13 21:00:00,0.0
310,2023-05-13 22:00:00,0.0
311,2023-05-13 23:00:00,0.0
312,2023-05-14 00:00:00,3.7155655e-06
313,2023-05-14 01:00:00,3.4131085e-06
314,2023-05-14 02:00:00,0.0055049127
315,2023-05-14 03:00:00,28.258125
316,2023-05-14 04:00:00,51.208626
317,2023-05-14 05:00:00,159.463
318,2023-05-14 06:00:00,322.63977
319,2023-05-14 07:00:00,435.55737
320,2023-05-14 08:00:00,614.31805
321,2023-05-14 09:00:00,699.9327
322,2023-05-14 10:00:00,823.4972
323,2023-05-14 11:00:00,654.9373
324,2023-05-14 12:00:00,649.81067
325,2023-05-14 13:00:00,676.52893
326,2023-05-14 14:00:00,542.7329
327,2023-05-14 15:00:00,512.39764
328,2023-05-14 16:00:00,278.8773
329,2023-05-14 17:00:00,146.23077
330,2023-05-14 18:00:00,123.333374
331,2023-05-14 19:00:00,43.160183
332,2023-05-14 20:00:00,3.6913185
333,2023-05-14 21:00:00,0.00023818025
334,2023-05-14 22:00:00,7.1370396e-06
335,2023-05-14 23:00:00,8.57571e-06
336,2023-05-15 00:00:00,0.0
337,2023-05-15 01:00:00,0.0
338,2023-05-15 02:00:00,0.0
339,2023-05-15 03:00:00,0.0
340,2023-05-15 04:00:00,0.0
341,2023-05-15 05:00:00,0.0
342,2023-05-15 06:00:00,0.0
343,2023-05-15 07:00:00,0.0
344,2023-05-15 08:00:00,0.0
345,2023-05-15 09:00:00,0.0
346,2023-05-15 10:00:00,0.0
347,2023-05-15 11:00:00,0.0
348,2023-05-15 12:00:00,0.0
349,2023-05-15 13:00:00,0.0
350,2023-05-15 14:00:00,0.0
351,2023-05-15 15:00:00,0.0
352,2023-05-15 16:00:00,0.0
353,2023-05-15 17:00:00,0.0
354,2023-05-15 18:00:00,0.0
355,2023-05-15 19:00:00,0.0
356,2023-05-15 20:00:00,0.0
357,2023-05-15 21:00:00,0.0
358,2023-05-15 22:00:00,0.0
359,2023-05-15 23:00:00,0.0
360,2023-05-16 00:00:00,0.0
361,2023-05-16 01:00:00,0.0
362,2023-05-16 02:00:00,0.0
363,2023-05-16 03:00:00,0.0
364,2023-05-16 04:00:00,0.0
365,2023-05-16 05:00:00,0.0
366,2023-05-16 06:00:00,0.0
367,2023-05-16 07:00:00,0.0
368,2023-05-16 08:00:00,0.0
369,2023-05-16 09:00:00,0.0
370,2023-05-16 10:00:00,0.0
371,2023-05-16 11:00:00,0.0
372,2023-05-16 12:00:00,0.0
373,2023-05-16 13:00:00,0.0
374,2023-05-16 14:00:00,0.0
375,2023-05-16 15:00:00,0.0
376,2023-05-16 16:00:00,0.0
377,2023-05-16 17:00:00,0.0
378,2023-05-16 18:00:00,0.0
379,2023-05-16 19:00:00,0.0
380,2023-05-16 20:00:00,0.0
381,2023-05-16 21:00:00,0.0
382,2023-05-16 22:00:00,0.0
383,2023-05-16 23:00:00,0.0
384,2023-05-17 00:00:00,0.0
385,2023-05-17 01:00:00,0.0
386,2023-05-17 02:00:00,0.0
387,2023-05-17 03:00:00,0.0
388,2023-05-17 04:00:00,0.0
389,2023-05-17 05:00:00,0.0
390,2023-05-17 06:00:00,0.0
391,2023-05-17 07:00:00,0.0
392,2023-05-17 08:00:00,0.0
393,2023-05-17 09:00:00,0.0
394,2023-05-17 10:00:00,0.0
395,2023-05-17 11:00:00,0.0
396,2023-05-17 12:00:00,0.0
397,2023-05-17 13:00:00,0.0
398,2023-05-17 14:00:00,0.0
399,2023-05-17 15:00:00,0.0
400,2023-05-17 16:00:00,0.0
401,2023-05-17 17:00:00,0.0
402,2023-05-17 18:00:00,0.0
403,2023-05-17 19:00:00,0.0
404,2023-05-17 20:00:00,0.0
405,2023-05-17 21:00:00,0.0
406,2023-05-17 22:00:00,0.0
407,2023-05-17 23:00:00,0.0
408,2023-05-18 00:00:00,4.1912904e-06
409,2023-05-18 01:00:00,5.116095e-06
410,2023-05-18 02:00:00,0.0117737325
411,2023-05-18 03:00:00,11.064442
412,2023-05-18 04:00:00,55.96192
413,2023-05-18 05:00:00,123.039604
414,2023-05-18 06:00:00,324.57953
415,2023-05-18 07:00:00,391.59277
416,2023-05-18 08:00:00,570.2577
417,2023-05-18 09:00:00,648.42865
418,2023-05-18 10:00:00,580.3178
419,2023-05-18 11:00:00,601.81287
420,2023-05-18 12:00:00,579.6494
421,2023-05-18 13:00:00,465.0047
422,2023-05-18 14:00:00,556.3361
423,2023-05-18 15:00:00,496.98782
424,2023-05-18 16:00:00,324.68
425,2023-05-18 17:00:00,200.63263
426,2023-05-18 18:00:00,138.34567
427,2023-05-18 19:00:00,49.594864
428,2023-05-18 20:00:00,3.477263
429,2023-05-18 21:00:00,0.00023057741
430,2023-05-18 22:00:00,9.604358e-06
431,2023-05-18 23:00:00,1.1710119e-05
432,2023-05-19 00:00:00,0.0
433,2023-05-19 01:00:00,0.0
434,2023-05-19 02:00:00,0.0
435,2023-05-19 03:00:00,0.0
436,2023-05-19 04:00:00,0.0
437,2023-05-19 05:00:00,0.0
438,2023-05-19 06:00:00,0.0
439,2023-05-19 07:00:00,0.0
440,2023-05-19 08:00:00,0.0
441,2023-05-19 09:00:00,0.0
442,2023-05-19 10:00:00,0.0
443,2023-05-19 11:00:00,0.0
444,2023-05-19 12:00:00,0.0
445,2023-05-19 13:00:00,0.0
446,2023-05-19 14:00:00,0.0
447,2023-05-19 15:00:00,0.0
448,2023-05-19 16:00:00,0.0
449,2023-05-19 17:00:00,0.0
450,2023-05-19 18:00:00,0.0
451,2023-05-19 19:00:00,0.0
452,2023-05-19 20:00:00,0.0
453,2023-05-19 21:00:00,0.0
454,2023-05-19 22:00:00,0.0
455,2023-05-19 23:00:00,0.0
456,2023-05-20 00:00:00,4.026667e-06
457,2023-05-20 01:00:00,4.313734e-06
458,2023-05-20 02:00:00,6.18894
459,2023-05-20 03:00:00,23.492905
460,2023-05-20 04:00:00,33.167408
461,2023-05-20 05:00:00,93.23894
462,2023-05-20 06:00:00,215.98988
463,2023-05-20 07:00:00,494.91315
464,2023-05-20 08:00:00,579.14014
465,2023-05-20 09:00:00,612.9227
466,2023-05-20 10:00:00,786.36475
467,2023-05-20 11:00:00,749.36017
468,2023-05-20 12:00:00,764.7984
469,2023-05-20 13:00:00,791.86755
470,2023-05-20 14:00:00,627.9206
471,2023-05-20 15:00:00,563.38794
472,2023-05-20 16:00:00,374.88486
473,2023-05-20 17:00:00,240.27432
474,2023-05-20 18:00:00,77.32915
475,2023-05-20 19:00:00,49.579025
476,2023-05-20 20:00:00,4.240103
477,2023-05-20 21:00:00,1.2023785
478,2023-05-20 22:00:00,4.4901185e-06
479,2023-05-20 23:00:00,4.6640894e-06
480,2023-05-21 00:00:00,6.821261e-06
481,2023-05-21 01:00:00,6.633219e-06
482,2023-05-21 02:00:00,3.1000571
483,2023-05-21 03:00:00,37.65187
484,2023-05-21 04:00:00,76.48575
485,2023-05-21 05:00:00,208.00337
486,2023-05-21 06:00:00,313.95645
487,2023-05-21 07:00:00,492.05637
488,2023-05-21 08:00:00,635.5762
489,2023-05-21 09:00:00,553.5021
490,2023-05-21 10:00:00,496.63626
491,2023-05-21 11:00:00,676.19147
492,2023-05-21 12:00:00,637.9741
493,2023-05-21 13:00:00,554.339
494,2023-05-21 14:00:00,543.17834
495,2023-05-21 15:00:00,528.1186
496,2023-05-21 16:00:00,333.2689
497,2023-05-21 17:00:00,182.69626
498,2023-05-21 18:00:00,78.17669
499,2023-05-21 19:00:00,45.765324
500,2023-05-21 20:00:00,8.405643
501,2023-05-21 21:00:00,0.64393556
502,2023-05-21 22:00:00,4.080424e-06
503,2023-05-21 23:00:00,4.2797237e-06
504,2023-05-22 00:00:00,6.243373e-06
505,2023-05-22 01:00:00,3.9754987e-06
506,2023-05-22 02:00:00,6.1124253
507,2023-05-22 03:00:00,29.543062
508,2023-05-22 04:00:00,82.6877
509,2023-05-22 05:00:00,235.4467
510,2023-05-22 06:00:00,370.04208
511,2023-05-22 07:00:00,525.7593
512,2023-05-22 08:00:00,662.52496
513,2023-05-22 09:00:00,724.8721
514,2023-05-22 10:00:00,755.5974
515,2023-05-22 11:00:00,799.9018
516,2023-05-22 12:00:00,674.6981
517,2023-05-22 13:00:00,494.33963
518,2023-05-22 14:00:00,549.23676
519,2023-05-22 15:00:00,473.25467
520,2023-05-22 16:00:00,355.32666
521,2023-05-22 17:00:00,197.55795
522,2023-05-22 18:00:00,104.50345
523,2023-05-22 19:00:00,45.15924
524,2023-05-22 20:00:00,8.808538
525,2023-05-22 21:00:00,0.00017498384
526,2023-05-22 22:00:00,3.4146713e-06
527,2023-05-22 23:00:00,1.2185033e-05
528,2023-05-23 00:00:00,3.873671e-06
529,2023-05-23 01:00:00,4.3145237e-06
530,2023-05-23 02:00:00,0.022496993
531,2023-05-23 03:00:00,5.2362676
532,2023-05-23 04:00:00,19.133642
533,2023-05-23 05:00:00,43.820827
534,2023-05-23 06:00:00,38.35957
535,2023-05-23 07:00:00,59.263313
536,2023-05-23 08:00:00,72.45748
537,2023-05-23 09:00:00,85.052284
538,2023-05-23 10:00:00,152.84418
539,2023-05-23 11:00:00,202.48145
540,2023-05-23 12:00:00,279.62616
541,2023-05-23 13:00:00,368.67618
542,2023-05-23 14:00:00,392.192
543,2023-05-23 15:00:00,317.90067
544,2023-05-23 16:00:00,180.49786
545,2023-05-23 17:00:00,157.27715
546,2023-05-23 18:00:00,99.819824
547,2023-05-23 19:00:00,21.881485
548,2023-05-23 20:00:00,7.9418936
549,2023-05-23 21:00:00,2.6899862
550,2023-05-23 22:00:00,5.4935126e-06
551,2023-05-23 23:00:00,3.3948772e-06
552,2023-05-24 00:00:00,0.0
553,2023-05-24 01:00:00,0.0
554,2023-05-24 02:00:00,0.0
555,2023-05-24 03:00:00,0.0
556,2023-05-24 04:00:00,0.0
557,2023-05-24 05:00:00,0.0
558,2023-05-24 06:00:00,0.0
559,2023-05-24 07:00:00,0.0
560,2023-05-24 08:00:00,0.0
561,2023-05-24 09:00:00,0.0
562,2023-05-24 10:00:00,0.0
563,2023-05-24 11:00:00,0.0
564,2023-05-24 12:00:00,0.0
565,2023-05-24 13:00:00,0.0
566,2023-05-24 14:00:00,0.0
567,2023-05-24 15:00:00,0.0
568,2023-05-24 16:00:00,0.0
569,2023-05-24 17:00:00,0.0
570,2023-05-24 18:00:00,0.0
571,2023-05-24 19:00:00,0.0
572,2023-05-24 20:00:00,0.0
573,2023-05-24 21:00:00,0.0
574,2023-05-24 22:00:00,0.0
575,2023-05-24 23:00:00,0.0
576,2023-05-25 00:00:00,5.6757713e-06
577,2023-05-25 01:00:00,6.206945e-06
578,2023-05-25 02:00:00,6.2693396
579,2023-05-25 03:00:00,12.509093
580,2023-05-25 04:00:00,42.00688
581,2023-05-25 05:00:00,78.272934
582,2023-05-25 06:00:00,150.4567
583,2023-05-25 07:00:00,338.50418
584,2023-05-25 08:00:00,341.17706
585,2023-05-25 09:00:00,413.08624
586,2023-05-25 10:00:00,631.0621
587,2023-05-25 11:00:00,546.87915
588,2023-05-25 12:00:00,630.5121
589,2023-05-25 13:00:00,603.7018
590,2023-05-25 14:00:00,398.2613
591,2023-05-25 15:00:00,350.35992
592,2023-05-25 16:00:00,151.36664
593,2023-05-25 17:00:00,115.975746
594,2023-05-25 18:00:00,54.54981
595,2023-05-25 19:00:00,15.684147
596,2023-05-25 20:00:00,8.2452345
597,2023-05-25 21:00:00,1.7018332
598,2023-05-25 22:00:00,1.3117864e-05
599,2023-05-25 23:00:00,1.1650458e-05
600,2023-05-26 00:00:00,0.0
601,2023-05-26 01:00:00,0.0
602,2023-05-26 02:00:00,0.0
603,2023-05-26 03:00:00,0.0
604,2023-05-26 04:00:00,0.0
605,2023-05-26 05:00:00,0.0
606,2023-05-26 06:00:00,0.0
607,2023-05-26 07:00:00,0.0
608,2023-05-26 08:00:00,0.0
609,2023-05-26 09:00:00,0.0
610,2023-05-26 10:00:00,0.0
611,2023-05-26 11:00:00,0.0
612,2023-05-26 12:00:00,0.0
613,2023-05-26 13:00:00,0.0
614,2023-05-26 14:00:00,0.0
615,2023-05-26 15:00:00,0.0
616,2023-05-26 16:00:00,0.0
617,2023-05-26 17:00:00,0.0
618,2023-05-26 18:00:00,0.0
619,2023-05-26 19:00:00,0.0
620,2023-05-26 20:00:00,0.0
621,2023-05-26 21:00:00,0.0
622,2023-05-26 22:00:00,0.0
623,2023-05-26 23:00:00,0.0
624,2023-05-27 00:00:00,6.2696977e-06
625,2023-05-27 01:00:00,8.936534e-06
626,2023-05-27 02:00:00,4.1508236
627,2023-05-27 03:00:00,13.628459
628,2023-05-27 04:00:00,16.739883
629,2023-05-27 05:00:00,41.195885
630,2023-05-27 06:00:00,78.40228
631,2023-05-27 07:00:00,127.48967
632,2023-05-27 08:00:00,275.99402
633,2023-05-27 09:00:00,427.34067
634,2023-05-27 10:00:00,343.16998
635,2023-05-27 11:00:00,247.47154
636,2023-05-27 12:00:00,267.28024
637,2023-05-27 13:00:00,342.53198
638,2023-05-27 14:00:00,163.09476
639,2023-05-27 15:00:00,117.04782
640,2023-05-27 16:00:00,103.68557
641,2023-05-27 17:00:00,88.94893
642,2023-05-27 18:00:00,48.707706
643,2023-05-27 19:00:00,43.34359
644,2023-05-27 20:00:00,5.4240727
645,2023-05-27 21:00:00,1.3702879
646,2023-05-27 22:00:00,3.98854e-06
647,2023-05-27 23:00:00,4.399083e-06
648,2023-05-28 00:00:00,4.714903e-06
649,2023-05-28 01:00:00,6.1096657e-06
650,2023-05-28 02:00:00,2.769676
651,2023-05-28 03:00:00,15.692054
652,2023-05-28 04:00:00,49.07349
653,2023-05-28 05:00:00,77.10047
654,2023-05-28 06:00:00,140.90138
655,2023-05-28 07:00:00,273.70792
656,2023-05-28 08:00:00,365.82925
657,2023-05-28 09:00:00,396.15475
658,2023-05-28 10:00:00,322.44437
659,2023-05-28 11:00:00,235.84386
660,2023-05-28 12:00:00,398.14395
661,2023-05-28 13:00:00,325.70203
662,2023-05-28 14:00:00,362.59305
663,2023-05-28 15:00:00,275.32617
664,2023-05-28 16:00:00,283.9203
665,2023-05-28 17:00:00,213.38614
666,2023-05-28 18:00:00,132.95775
667,2023-05-28 19:00:00,45.0962
668,2023-05-28 20:00:00,10.053402
669,2023-05-28 21:00:00,0.00013319562
670,2023-05-28 22:00:00,3.7900777e-06
671,2023-05-28 23:00:00,5.146719e-06
672,2023-05-29 00:00:00,0.0
673,2023-05-29 01:00:00,0.0
674,2023-05-29 02:00:00,0.0
675,2023-05-29 03:00:00,0.0
676,2023-05-29 04:00:00,0.0
677,2023-05-29 05:00:00,0.0
678,2023-05-29 06:00:00,0.0
679,2023-05-29 07:00:00,0.0
680,2023-05-29 08:00:00,0.0
681,2023-05-29 09:00:00,0.0
682,2023-05-29 10:00:00,0.0
683,2023-05-29 11:00:00,0.0
684,2023-05-29 12:00:00,0.0
685,2023-05-29 13:00:00,0.0
686,2023-05-29 14:00:00,0.0
687,2023-05-29 15:00:00,0.0
688,2023-05-29 16:00:00,0.0
689,2023-05-29 17:00:00,0.0
690,2023-05-29 18:00:00,0.0
691,2023-05-29 19:00:00,0.0
692,2023-05-29 20:00:00,0.0
693,2023-05-29 21:00:00,0.0
694,2023-05-29 22:00:00,0.0
695,2023-05-29 23:00:00,0.0
696,2023-05-30 00:00:00,5.578161e-06
697,2023-05-30 01:00:00,6.583671e-06
698,2023-05-30 02:00:00,6.6339245
699,2023-05-30 03:00:00,14.031031
700,2023-05-30 04:00:00,71.50222
701,2023-05-30 05:00:00,127.3755
702,2023-05-30 06:00:00,177.2166
703,2023-05-30 07:00:00,254.99011
704,2023-05-30 08:00:00,273.7323
705,2023-05-30 09:00:00,315.46564
706,2023-05-30 10:00:00,375.69653
707,2023-05-30 11:00:00,485.29904
708,2023-05-30 12:00:00,433.40085
709,2023-05-30 13:00:00,360.89465
710,2023-05-30 14:00:00,292.024
711,2023-05-30 15:00:00,174.56572
712,2023-05-30 16:00:00,216.78857
713,2023-05-30 17:00:00,85.68269
714,2023-05-30 18:00:00,50.264156
715,2023-05-30 19:00:00,27.715748
716,2023-05-30 20:00:00,10.421287
717,2023-05-30 21:00:00,1.2601495
718,2023-05-30 22:00:00,1.5741107e-05
719,2023-05-30 23:00:00,8.20294e-06
720,2023-05-31 00:00:00,0.0
721,2023-05-31 01:00:00,0.0
722,2023-05-31 02:00:00,0.0
723,2023-05-31 03:00:00,0.0
724,2023-05-31 04:00:00,0.0
725,2023-05-31 05:00:00,0.0
726,2023-05-31 06:00:00,0.0
727,2023-05-31 07:00:00,0.0
728,2023-05-31 08:00:00,0.0
729,2023-05-31 09:00:00,0.0
730,2023-05-31 10:00:00,0.0
731,2023-05-31 11:00:00,0.0
732,2023-05-31 12:00:00,0.0
733,2023-05-31 13:00:00,0.0
734,2023-05-31 14:00:00,0.0
735,2023-05-31 15:00:00,0.0
736,2023-05-31 16:00:00,0.0
737,2023-05-31 17:00:00,0.0
738,2023-05-31 18:00:00,0.0
739,2023-05-31 19:00:00,0.0
740,2023-05-31 20:00:00,0.0
741,2023-05-31 21:00:00,0.0
742,2023-05-31 22:00:00,0.0
743,2023-05-31 23:00:00,0.0
744,2023-06-01 00:00:00,4.294524e-06
745,2023-06-01 01:00:00,0.013917948
746,2023-06-01 02:00:00,10.132271
747,2023-06-01 03:00:00,13.076992
748,2023-06-01 04:00:00,43.305054
749,2023-06-01 05:00:00,46.461094
750,2023-06-01 06:00:00,223.6267
751,2023-06-01 07:00:00,209.58708
752,2023-06-01 08:00:00,406.46997
753,2023-06-01 09:00:00,329.158
754,2023-06-01 10:00:00,357.0741
755,2023-06-01 11:00:00,445.4382
756,2023-06-01 12:00:00,407.18658
757,2023-06-01 13:00:00,251.54364
758,2023-06-01 14:00:00,202.4812
759,2023-06-01 15:00:00,265.1465
760,2023-06-01 16:00:00,117.7298
761,2023-06-01 17:00:00,90.054436
762,2023-06-01 18:00:00,78.22983
763,2023-06-01 19:00:00,24.561428
764,2023-06-01 20:00:00,0.26219752
765,2023-06-01 21:00:00,0.00014948205
766,2023-06-01 22:00:00,3.9708916e-06
767,2023-06-01 23:00:00,4.7503418e-06
768,2023-06-02 00:00:00,4.3580944e-06
769,2023-06-02 01:00:00,0.012613154
770,2023-06-02 02:00:00,3.03471
771,2023-06-02 03:00:00,12.593642
772,2023-06-02 04:00:00,51.267227
773,2023-06-02 05:00:00,137.10745
774,2023-06-02 06:00:00,166.38065
775,2023-06-02 07:00:00,259.5321
776,2023-06-02 08:00:00,415.04364
777,2023-06-02 09:00:00,432.6093
778,2023-06-02 10:00:00,388.6809
779,2023-06-02 11:00:00,394.68597
780,2023-06-02 12:00:00,478.6754
781,2023-06-02 13:00:00,327.3714
782,2023-06-02 14:00:00,194.15297
783,2023-06-02 15:00:00,153.14436
784,2023-06-02 16:00:00,115.87633
785,2023-06-02 17:00:00,68.99381
786,2023-06-02 18:00:00,45.47244
787,2023-06-02 19:00:00,31.640764
788,2023-06-02 20:00:00,17.3196
789,2023-06-02 21:00:00,2.9669592
790,2023-06-02 22:00:00,3.6914357e-06
791,2023-06-02 23:00:00,5.762942e-06
792,2023-06-03 00:00:00,5.013132e-06
793,2023-06-03 01:00:00,0.015523094
794,2023-06-03 02:00:00,1.419542
795,2023-06-03 03:00:00,5.426884
796,2023-06-03 04:00:00,22.63845
797,2023-06-03 05:00:00,59.15038
798,2023-06-03 06:00:00,123.444
799,2023-06-03 07:00:00,184.9341
800,2023-06-03 08:00:00,185.23735
801,2023-06-03 09:00:00,191.24736
802,2023-06-03 10:00:00,265.68628
803,2023-06-03 11:00:00,290.76434
804,2023-06-03 12:00:00,281.0404
805,2023-06-03 13:00:00,320.87274
806,2023-06-03 14:00:00,175.28934
807,2023-06-03 15:00:00,187.33313
808,2023-06-03 16:00:00,146.87184
809,2023-06-03 17:00:00,101.48091
810,2023-06-03 18:00:00,39.15209
811,2023-06-03 19:00:00,25.351051
812,2023-06-03 20:00:00,8.875241
813,2023-06-03 21:00:00,0.00016226941
814,2023-06-03 22:00:00,4.153576e-06
815,2023-06-03 23:00:00,5.525901e-06
816,2023-06-04 00:00:00,4.6025734e-06
817,2023-06-04 01:00:00,0.012693069
818,2023-06-04 02:00:00,2.8473203
819,2023-06-04 03:00:00,13.017408
820,2023-06-04 04:00:00,50.425373
821,2023-06-04 05:00:00,83.1588
822,2023-06-04 06:00:00,79.790695
823,2023-06-04 07:00:00,174.14117
824,2023-06-04 08:00:00,300.1339
825,2023-06-04 09:00:00,411.35355
826,2023-06-04 10:00:00,376.55002
827,2023-06-04 11:00:00,395.42908
828,2023-06-04 12:00:00,457.0396
829,2023-06-04 13:00:00,400.36975
830,2023-06-04 14:00:00,199.88669
831,2023-06-04 15:00:00,207.28552
832,2023-06-04 16:00:00,152.32162
833,2023-06-04 17:00:00,118.660446
834,2023-06-04 18:00:00,65.20954
835,2023-06-04 19:00:00,56.35245
836,2023-06-04 20:00:00,20.231379
837,2023-06-04 21:00:00,4.0216784
838,2023-06-04 22:00:00,4.403331e-06
839,2023-06-04 23:00:00,6.2451945e-06
840,2023-06-05 00:00:00,0.0
841,2023-06-05 01:00:00,0.0
842,2023-06-05 02:00:00,0.0
843,2023-06-05 03:00:00,0.0
844,2023-06-05 04:00:00,0.0
845,2023-06-05 05:00:00,0.0
846,2023-06-05 06:00:00,0.0
847,2023-06-05 07:00:00,0.0
848,2023-06-05 08:00:00,0.0
849,2023-06-05 09:00:00,0.0
850,2023-06-05 10:00:00,0.0
851,2023-06-05 11:00:00,0.0
852,2023-06-05 12:00:00,0.0
853,2023-06-05 13:00:00,0.0
854,2023-06-05 14:00:00,0.0
855,2023-06-05 15:00:00,0.0
856,2023-06-05 16:00:00,0.0
857,2023-06-05 17:00:00,0.0
858,2023-06-05 18:00:00,0.0
859,2023-06-05 19:00:00,0.0
860,2023-06-05 20:00:00,0.0
861,2023-06-05 21:00:00,0.0
862,2023-06-05 22:00:00,0.0
863,2023-06-05 23:00:00,0.0
864,2023-06-06 00:00:00,6.2769604e-06
865,2023-06-06 01:00:00,0.01789819
866,2023-06-06 02:00:00,0.60403115
867,2023-06-06 03:00:00,15.718468
868,2023-06-06 04:00:00,41.76012
869,2023-06-06 05:00:00,76.5464
870,2023-06-06 06:00:00,149.52591
871,2023-06-06 07:00:00,133.93996
872,2023-06-06 08:00:00,149.01488
873,2023-06-06 09:00:00,171.01659
874,2023-06-06 10:00:00,260.4006
875,2023-06-06 11:00:00,244.22421
876,2023-06-06 12:00:00,276.82715
877,2023-06-06 13:00:00,307.05542
878,2023-06-06 14:00:00,284.94717
879,2023-06-06 15:00:00,216.41895
880,2023-06-06 16:00:00,132.79721
881,2023-06-06 17:00:00,118.66792
882,2023-06-06 18:00:00,86.928604
883,2023-06-06 19:00:00,43.08534
884,2023-06-06 20:00:00,19.483467
885,2023-06-06 21:00:00,4.968198
886,2023-06-06 22:00:00,0.00014691535
887,2023-06-06 23:00:00,3.4926954e-06
888,2023-06-07 00:00:00,0.0
889,2023-06-07 01:00:00,0.0
890,2023-06-07 02:00:00,0.0
891,2023-06-07 03:00:00,0.0
892,2023-06-07 04:00:00,0.0
893,2023-06-07 05:00:00,0.0
894,2023-06-07 06:00:00,0.0
895,2023-06-07 07:00:00,0.0
896,2023-06-07 08:00:00,0.0
897,2023-06-07 09:00:00,0.0
898,2023-06-07 10:00:00,0.0
899,2023-06-07 11:00:00,0.0
900,2023-06-07 12:00:00,0.0
901,2023-06-07 13:00:00,0.0
902,2023-06-07 14:00:00,0.0
903,2023-06-07 15:00:00,0.0
904,2023-06-07 16:00:00,0.0
905,2023-06-07 17:00:00,0.0
906,2023-06-07 18:00:00,0.0
907,2023-06-07 19:00:00,0.0
908,2023-06-07 20:00:00,0.0
909,2023-06-07 21:00:00,0.0
910,2023-06-07 22:00:00,0.0
911,2023-06-07 23:00:00,0.0
912,2023-06-08 00:00:00,0.0
913,2023-06-08 01:00:00,0.0
914,2023-06-08 02:00:00,0.0
915,2023-06-08 03:00:00,0.0
916,2023-06-08 04:00:00,0.0
917,2023-06-08 05:00:00,0.0
918,2023-06-08 06:00:00,0.0
919,2023-06-08 07:00:00,0.0
920,2023-06-08 08:00:00,0.0
921,2023-06-08 09:00:00,0.0
922,2023-06-08 10:00:00,0.0
923,2023-06-08 11:00:00,0.0
924,2023-06-08 12:00:00,0.0
925,2023-06-08 13:00:00,0.0
926,2023-06-08 14:00:00,0.0
927,2023-06-08 15:00:00,0.0
928,2023-06-08 16:00:00,0.0
929,2023-06-08 17:00:00,0.0
930,2023-06-08 18:00:00,0.0
931,2023-06-08 19:00:00,0.0
932,2023-06-08 20:00:00,0.0
933,2023-06-08 21:00:00,0.0
934,2023-06-08 22:00:00,0.0
935,2023-06-08 23:00:00,0.0
936,2023-06-09 00:00:00,5.981492e-06
937,2023-06-09 01:00:00,0.018478755
938,2023-06-09 02:00:00,20.203907
939,2023-06-09 03:00:00,49.95736
940,2023-06-09 04:00:00,107.28533
941,2023-06-09 05:00:00,245.15952
942,2023-06-09 06:00:00,436.93726
943,2023-06-09 07:00:00,572.0602
944,2023-06-09 08:00:00,700.1321
945,2023-06-09 09:00:00,816.9336
946,2023-06-09 10:00:00,841.1874
947,2023-06-09 11:00:00,900.19885
948,2023-06-09 12:00:00,907.9532
949,2023-06-09 13:00:00,839.4729
950,2023-06-09 14:00:00,744.88416
951,2023-06-09 15:00:00,549.6707
952,2023-06-09 16:00:00,395.7512
953,2023-06-09 17:00:00,202.58563
954,2023-06-09 18:00:00,162.76906
955,2023-06-09 19:00:00,76.8505
956,2023-06-09 20:00:00,22.166883
957,2023-06-09 21:00:00,2.5515497
958,2023-06-09 22:00:00,6.057192e-05
959,2023-06-09 23:00:00,6.068274e-06
960,2023-06-10 00:00:00,0.0
961,2023-06-10 01:00:00,0.0
962,2023-06-10 02:00:00,0.0
963,2023-06-10 03:00:00,0.0
964,2023-06-10 04:00:00,0.0
965,2023-06-10 05:00:00,0.0
966,2023-06-10 06:00:00,0.0
967,2023-06-10 07:00:00,0.0
968,2023-06-10 08:00:00,0.0
969,2023-06-10 09:00:00,0.0
970,2023-06-10 10:00:00,0.0
971,2023-06-10 11:00:00,0.0
972,2023-06-10 12:00:00,0.0
973,2023-06-10 13:00:00,0.0
974,2023-06-10 14:00:00,0.0
975,2023-06-10 15:00:00,0.0
976,2023-06-10 16:00:00,0.0
977,2023-06-10 17:00:00,0.0
978,2023-06-10 18:00:00,0.0
979,2023-06-10 19:00:00,0.0
980,2023-06-10 20:00:00,0.0
981,2023-06-10 21:00:00,0.0
982,2023-06-10 22:00:00,0.0
983,2023-06-10 23:00:00,0.0
984,2023-06-11 00:00:00,6.1050064e-06
985,2023-06-11 01:00:00,0.015273121
986,2023-06-11 02:00:00,14.377598
987,2023-06-11 03:00:00,31.68764
988,2023-06-11 04:00:00,87.13401
989,2023-06-11 05:00:00,170.96844
990,2023-06-11 06:00:00,242.02322
991,2023-06-11 07:00:00,326.82208
992,2023-06-11 08:00:00,561.1711
993,2023-06-11 09:00:00,551.6986
994,2023-06-11 10:00:00,677.35
995,2023-06-11 11:00:00,545.4255
996,2023-06-11 12:00:00,327.82452
997,2023-06-11 13:00:00,332.24048
998,2023-06-11 14:00:00,212.5885
999,2023-06-11 15:00:00,268.8532
1000,2023-06-11 16:00:00,212.6853
1001,2023-06-11 17:00:00,163.42828
1002,2023-06-11 18:00:00,59.360813
1003,2023-06-11 19:00:00,31.043655
1004,2023-06-11 20:00:00,25.081562
1005,2023-06-11 21:00:00,2.884107
1006,2023-06-11 22:00:00,0.00026400023
1007,2023-06-11 23:00:00,8.568876e-06
1008,2023-06-12 00:00:00,0.0
1009,2023-06-12 01:00:00,0.0
1010,2023-06-12 02:00:00,0.0
1011,2023-06-12 03:00:00,0.0
1012,2023-06-12 04:00:00,0.0
1013,2023-06-12 05:00:00,0.0
1014,2023-06-12 06:00:00,0.0
1015,2023-06-12 07:00:00,0.0
1016,2023-06-12 08:00:00,0.0
1017,2023-06-12 09:00:00,0.0
1018,2023-06-12 10:00:00,0.0
1019,2023-06-12 11:00:00,0.0
1020,2023-06-12 12:00:00,0.0
1021,2023-06-12 13:00:00,0.0
1022,2023-06-12 14:00:00,0.0
1023,2023-06-12 15:00:00,0.0
1024,2023-06-12 16:00:00,0.0
1025,2023-06-12 17:00:00,0.0
1026,2023-06-12 18:00:00,0.0
1027,2023-06-12 19:00:00,0.0
1028,2023-06-12 20:00:00,0.0
1029,2023-06-12 21:00:00,0.0
1030,2023-06-12 22:00:00,0.0
1031,2023-06-12 23:00:00,0.0
1032,2023-06-13 00:00:00,7.725374e-06
1033,2023-06-13 01:00:00,0.016983258
1034,2023-06-13 02:00:00,8.2401085
1035,2023-06-13 03:00:00,21.678146
1036,2023-06-13 04:00:00,46.950867
1037,2023-06-13 05:00:00,101.97586
1038,2023-06-13 06:00:00,296.56024
1039,2023-06-13 07:00:00,372.8239
1040,2023-06-13 08:00:00,609.65936
1041,2023-06-13 09:00:00,578.4232
1042,2023-06-13 10:00:00,708.3062
1043,2023-06-13 11:00:00,711.3085
1044,2023-06-13 12:00:00,846.7682
1045,2023-06-13 13:00:00,803.20667
1046,2023-06-13 14:00:00,659.0356
1047,2023-06-13 15:00:00,528.7694
1048,2023-06-13 16:00:00,387.0828
1049,2023-06-13 17:00:00,253.65009
1050,2023-06-13 18:00:00,184.9866
1051,2023-06-13 19:00:00,79.2352
1052,2023-06-13 20:00:00,32.351032
1053,2023-06-13 21:00:00,5.7129083
1054,2023-06-13 22:00:00,0.00029062215
1055,2023-06-13 23:00:00,8.477029e-06
1056,2023-06-14 00:00:00,4.4455246e-06
1057,2023-06-14 01:00:00,0.010441073
1058,2023-06-14 02:00:00,16.752905
1059,2023-06-14 03:00:00,43.811836
1060,2023-06-14 04:00:00,101.35666
1061,2023-06-14 05:00:00,213.12201
1062,2023-06-14 06:00:00,383.09464
1063,2023-06-14 07:00:00,610.0128
1064,2023-06-14 08:00:00,712.6324
1065,2023-06-14 09:00:00,766.2806
1066,2023-06-14 10:00:00,871.30115
1067,2023-06-14 11:00:00,905.62146
1068,2023-06-14 12:00:00,875.6671
1069,2023-06-14 13:00:00,832.2494
1070,2023-06-14 14:00:00,691.3207
1071,2023-06-14 15:00:00,539.8508
1072,2023-06-14 16:00:00,376.32703
1073,2023-06-14 17:00:00,264.345
1074,2023-06-14 18:00:00,179.25699
1075,2023-06-14 19:00:00,80.11725
1076,2023-06-14 20:00:00,30.857313
1077,2023-06-14 21:00:00,0.18881789
1078,2023-06-14 22:00:00,0.00032413699
1079,2023-06-14 23:00:00,9.928928e-06
1080,2023-06-15 00:00:00,0.0
1081,2023-06-15 01:00:00,0.0
1082,2023-06-15 02:00:00,0.0
1083,2023-06-15 03:00:00,0.0
1084,2023-06-15 04:00:00,0.0
1085,2023-06-15 05:00:00,0.0
1086,2023-06-15 06:00:00,0.0
1087,2023-06-15 07:00:00,0.0
1088,2023-06-15 08:00:00,0.0
1089,2023-06-15 09:00:00,0.0
1090,2023-06-15 10:00:00,0.0
1091,2023-06-15 11:00:00,0.0
1092,2023-06-15 12:00:00,0.0
1093,2023-06-15 13:00:00,0.0
1094,2023-06-15 14:00:00,0.0
1095,2023-06-15 15:00:00,0.0
1096,2023-06-15 16:00:00,0.0
1097,2023-06-15 17:00:00,0.0
1098,2023-06-15 18:00:00,0.0
1099,2023-06-15 19:00:00,0.0
1100,2023-06-15 20:00:00,0.0
1101,2023-06-15 21:00:00,0.0
1102,2023-06-15 22:00:00,0.0
1103,2023-06-15 23:00:00,0.0
1104,2023-06-16 00:00:00,0.0
1105,2023-06-16 01:00:00,0.0
1106,2023-06-16 02:00:00,0.0
1107,2023-06-16 03:00:00,0.0
1108,2023-06-16 04:00:00,0.0
1109,2023-06-16 05:00:00,0.0
1110,2023-06-16 06:00:00,0.0
1111,2023-06-16 07:00:00,0.0
1112,2023-06-16 08:00:00,0.0
1113,2023-06-16 09:00:00,0.0
1114,2023-06-16 10:00:00,0.0
1115,2023-06-16 11:00:00,0.0
1116,2023-06-16 12:00:00,0.0
1117,2023-06-16 13:00:00,0.0
1118,2023-06-16 14:00:00,0.0
1119,2023-06-16 15:00:00,0.0
1120,2023-06-16 16:00:00,0.0
1121,2023-06-16 17:00:00,0.0
1122,2023-06-16 18:00:00,0.0
1123,2023-06-16 19:00:00,0.0
1124,2023-06-16 20:00:00,0.0
1125,2023-06-16 21:00:00,0.0
1126,2023-06-16 22:00:00,0.0
1127,2023-06-16 23:00:00,0.0
1128,2023-06-17 00:00:00,0.0
1129,2023-06-17 01:00:00,0.0
1130,2023-06-17 02:00:00,0.0
1131,2023-06-17 03:00:00,0.0
1132,2023-06-17 04:00:00,0.0
1133,2023-06-17 05:00:00,0.0
1134,2023-06-17 06:00:00,0.0
1135,2023-06-17 07:00:00,0.0
1136,2023-06-17 08:00:00,0.0
1137,2023-06-17 09:00:00,0.0
1138,2023-06-17 10:00:00,0.0
1139,2023-06-17 11:00:00,0.0
1140,2023-06-17 12:00:00,0.0
1141,2023-06-17 13:00:00,0.0
1142,2023-06-17 14:00:00,0.0
1143,2023-06-17 15:00:00,0.0
1144,2023-06-17 16:00:00,0.0
1145,2023-06-17 17:00:00,0.0
1146,2023-06-17 18:00:00,0.0
1147,2023-06-17 19:00:00,0.0
1148,2023-06-17 20:00:00,0.0
1149,2023-06-17 21:00:00,0.0
1150,2023-06-17 22:00:00,0.0
1151,2023-06-17 23:00:00,0.0
1152,2023-06-18 00:00:00,6.569133e-06
1153,2023-06-18 01:00:00,0.018954871
1154,2023-06-18 02:00:00,9.535991
1155,2023-06-18 03:00:00,45.572365
1156,2023-06-18 04:00:00,100.73447
1157,2023-06-18 05:00:00,190.54976
1158,2023-06-18 06:00:00,346.14853
1159,2023-06-18 07:00:00,552.6833
1160,2023-06-18 08:00:00,713.1555
1161,2023-06-18 09:00:00,775.3519
1162,2023-06-18 10:00:00,790.0559
1163,2023-06-18 11:00:00,735.00415
1164,2023-06-18 12:00:00,562.2511
1165,2023-06-18 13:00:00,643.76746
1166,2023-06-18 14:00:00,494.54727
1167,2023-06-18 15:00:00,327.778
1168,2023-06-18 16:00:00,275.4949
1169,2023-06-18 17:00:00,162.41006
1170,2023-06-18 18:00:00,157.71481
1171,2023-06-18 19:00:00,70.21821
1172,2023-06-18 20:00:00,20.693771
1173,2023-06-18 21:00:00,2.5958676
1174,2023-06-18 22:00:00,0.00035111862
1175,2023-06-18 23:00:00,1.2232513e-05
1176,2023-06-19 00:00:00,1.5142406e-05
1177,2023-06-19 01:00:00,0.064144045
1178,2023-06-19 02:00:00,9.003534
1179,2023-06-19 03:00:00,20.00971
1180,2023-06-19 04:00:00,43.170067
1181,2023-06-19 05:00:00,79.48999
1182,2023-06-19 06:00:00,171.62521
1183,2023-06-19 07:00:00,280.58636
1184,2023-06-19 08:00:00,293.95667
1185,2023-06-19 09:00:00,153.08736
1186,2023-06-19 10:00:00,326.26855
1187,2023-06-19 11:00:00,449.75122
1188,2023-06-19 12:00:00,636.8175
1189,2023-06-19 13:00:00,691.2806
1190,2023-06-19 14:00:00,746.1532
1191,2023-06-19 15:00:00,561.81177
1192,2023-06-19 16:00:00,378.16333
1193,2023-06-19 17:00:00,313.10638
1194,2023-06-19 18:00:00,134.15317
1195,2023-06-19 19:00:00,68.51184
1196,2023-06-19 20:00:00,18.595356
1197,2023-06-19 21:00:00,0.27910602
1198,2023-06-19 22:00:00,0.00042329275
1199,2023-06-19 23:00:00,1.405142e-05
1200,2023-06-20 00:00:00,0.0
1201,2023-06-20 01:00:00,0.0
1202,2023-06-20 02:00:00,0.0
1203,2023-06-20 03:00:00,0.0
1204,2023-06-20 04:00:00,0.0
1205,2023-06-20 05:00:00,0.0
1206,2023-06-20 06:00:00,0.0
1207,2023-06-20 07:00:00,0.0
1208,2023-06-20 08:00:00,0.0
1209,2023-06-20 09:00:00,0.0
1210,2023-06-20 10:00:00,0.0
1211,2023-06-20 11:00:00,0.0
1212,2023-06-20 12:00:00,0.0
1213,2023-06-20 13:00:00,0.0
1214,2023-06-20 14:00:00,0.0
1215,2023-06-20 15:00:00,0.0
1216,2023-06-20 16:00:00,0.0
1217,2023-06-20 17:00:00,0.0
1218,2023-06-20 18:00:00,0.0
1219,2023-06-20 19:00:00,0.0
1220,2023-06-20 20:00:00,0.0
1221,2023-06-20 21:00:00,0.0
1222,2023-06-20 22:00:00,0.0
1223,2023-06-20 23:00:00,0.0
1224,2023-06-21 00:00:00,0.0
1225,2023-06-21 01:00:00,0.0
1226,2023-06-21 02:00:00,0.0
1227,2023-06-21 03:00:00,0.0
1228,2023-06-21 04:00:00,0.0
1229,2023-06-21 05:00:00,0.0
1230,2023-06-21 06:00:00,0.0
1231,2023-06-21 07:00:00,0.0
1232,2023-06-21 08:00:00,0.0
1233,2023-06-21 09:00:00,0.0
1234,2023-06-21 10:00:00,0.0
1235,2023-06-21 11:00:00,0.0
1236,2023-06-21 12:00:00,0.0
1237,2023-06-21 13:00:00,0.0
1238,2023-06-21 14:00:00,0.0
1239,2023-06-21 15:00:00,0.0
1240,2023-06-21 16:00:00,0.0
1241,2023-06-21 17:00:00,0.0
1242,2023-06-21 18:00:00,0.0
1243,2023-06-21 19:00:00,0.0
1244,2023-06-21 20:00:00,0.0
1245,2023-06-21 21:00:00,0.0
1246,2023-06-21 22:00:00,0.0
1247,2023-06-21 23:00:00,0.0
1248,2023-06-22 00:00:00,5.7155663e-05
1249,2023-06-22 01:00:00,0.081751704
1250,2023-06-22 02:00:00,10.687038
1251,2023-06-22 03:00:00,27.738596
1252,2023-06-22 04:00:00,37.647316
1253,2023-06-22 05:00:00,44.62048
1254,2023-06-22 06:00:00,88.91224
1255,2023-06-22 07:00:00,100.382545
1256,2023-06-22 08:00:00,132.16414
1257,2023-06-22 09:00:00,252.35423
1258,2023-06-22 10:00:00,346.98935
1259,2023-06-22 11:00:00,250.99014
1260,2023-06-22 12:00:00,244.53018
1261,2023-06-22 13:00:00,313.90958
1262,2023-06-22 14:00:00,311.74423
1263,2023-06-22 15:00:00,343.91052
1264,2023-06-22 16:00:00,260.1327
1265,2023-06-22 17:00:00,180.10841
1266,2023-06-22 18:00:00,128.30573
1267,2023-06-22 19:00:00,40.62314
1268,2023-06-22 20:00:00,22.32987
1269,2023-06-22 21:00:00,0.15091063
1270,2023-06-22 22:00:00,0.00024383781
1271,2023-06-22 23:00:00,7.3104584e-06
1272,2023-06-23 00:00:00,0.0
1273,2023-06-23 01:00:00,0.0
1274,2023-06-23 02:00:00,0.0
1275,2023-06-23 03:00:00,0.0
1276,2023-06-23 04:00:00,0.0
1277,2023-06-23 05:00:00,0.0
1278,2023-06-23 06:00:00,0.0
1279,2023-06-23 07:00:00,0.0
1280,2023-06-23 08:00:00,0.0
1281,2023-06-23 09:00:00,0.0
1282,2023-06-23 10:00:00,0.0
1283,2023-06-23 11:00:00,0.0
1284,2023-06-23 12:00:00,0.0
1285,2023-06-23 13:00:00,0.0
1286,2023-06-23 14:00:00,0.0
1287,2023-06-23 15:00:00,0.0
1288,2023-06-23 16:00:00,0.0
1289,2023-06-23 17:00:00,0.0
1290,2023-06-23 18:00:00,0.0
1291,2023-06-23 19:00:00,0.0
1292,2023-06-23 20:00:00,0.0
1293,2023-06-23 21:00:00,0.0
1294,2023-06-23 22:00:00,0.0
1295,2023-06-23 23:00:00,0.0
1296,2023-06-24 00:00:00,0.0
1297,2023-06-24 01:00:00,0.0
1298,2023-06-24 02:00:00,0.0
1299,2023-06-24 03:00:00,0.0
1300,2023-06-24 04:00:00,0.0
1301,2023-06-24 05:00:00,0.0
1302,2023-06-24 06:00:00,0.0
1303,2023-06-24 07:00:00,0.0
1304,2023-06-24 08:00:00,0.0
1305,2023-06-24 09:00:00,0.0
1306,2023-06-24 10:00:00,0.0
1307,2023-06-24 11:00:00,0.0
1308,2023-06-24 12:00:00,0.0
1309,2023-06-24 13:00:00,0.0
1310,2023-06-24 14:00:00,0.0
1311,2023-06-24 15:00:00,0.0
1312,2023-06-24 16:00:00,0.0
1313,2023-06-24 17:00:00,0.0
1314,2023-06-24 18:00:00,0.0
1315,2023-06-24 19:00:00,0.0
1316,2023-06-24 20:00:00,0.0
1317,2023-06-24 21:00:00,0.0
1318,2023-06-24 22:00:00,0.0
1319,2023-06-24 23:00:00,0.0
1320,2023-06-25 00:00:00,0.0
1321,2023-06-25 01:00:00,0.0
1322,2023-06-25 02:00:00,0.0
1323,2023-06-25 03:00:00,0.0
1324,2023-06-25 04:00:00,0.0
1325,2023-06-25 05:00:00,0.0
1326,2023-06-25 06:00:00,0.0
1327,2023-06-25 07:00:00,0.0
1328,2023-06-25 08:00:00,0.0
1329,2023-06-25 09:00:00,0.0
1330,2023-06-25 10:00:00,0.0
1331,2023-06-25 11:00:00,0.0
1332,2023-06-25 12:00:00,0.0
1333,2023-06-25 13:00:00,0.0
1334,2023-06-25 14:00:00,0.0
1335,2023-06-25 15:00:00,0.0
1336,2023-06-25 16:00:00,0.0
1337,2023-06-25 17:00:00,0.0
1338,2023-06-25 18:00:00,0.0
1339,2023-06-25 19:00:00,0.0
1340,2023-06-25 20:00:00,0.0
1341,2023-06-25 21:00:00,0.0
1342,2023-06-25 22:00:00,0.0
1343,2023-06-25 23:00:00,0.0
1344,2023-06-26 00:00:00,1.1709294e-05
1345,2023-06-26 01:00:00,0.023832997
1346,2023-06-26 02:00:00,17.299395
1347,2023-06-26 03:00:00,30.195076
1348,2023-06-26 04:00:00,130.22807
1349,2023-06-26 05:00:00,206.88512
1350,2023-06-26 06:00:00,324.4994
1351,2023-06-26 07:00:00,559.7352
1352,2023-06-26 08:00:00,710.01685
1353,2023-06-26 09:00:00,691.6249
1354,2023-06-26 10:00:00,806.389
1355,2023-06-26 11:00:00,844.38367
1356,2023-06-26 12:00:00,871.9354
1357,2023-06-26 13:00:00,757.93866
1358,2023-06-26 14:00:00,612.1094
1359,2023-06-26 15:00:00,463.23865
1360,2023-06-26 16:00:00,314.00668
1361,2023-06-26 17:00:00,241.23305
1362,2023-06-26 18:00:00,158.65047
1363,2023-06-26 19:00:00,60.96167
1364,2023-06-26 20:00:00,21.608604
1365,2023-06-26 21:00:00,2.6780415
1366,2023-06-26 22:00:00,0.0002621887
1367,2023-06-26 23:00:00,7.668808e-06
1368,2023-06-27 00:00:00,0.0
1369,2023-06-27 01:00:00,0.0
1370,2023-06-27 02:00:00,0.0
1371,2023-06-27 03:00:00,0.0
1372,2023-06-27 04:00:00,0.0
1373,2023-06-27 05:00:00,0.0
1374,2023-06-27 06:00:00,0.0
1375,2023-06-27 07:00:00,0.0
1376,2023-06-27 08:00:00,0.0
1377,2023-06-27 09:00:00,0.0
1378,2023-06-27 10:00:00,0.0
1379,2023-06-27 11:00:00,0.0
1380,2023-06-27 12:00:00,0.0
1381,2023-06-27 13:00:00,0.0
1382,2023-06-27 14:00:00,0.0
1383,2023-06-27 15:00:00,0.0
1384,2023-06-27 16:00:00,0.0
1385,2023-06-27 17:00:00,0.0
1386,2023-06-27 18:00:00,0.0
1387,2023-06-27 19:00:00,0.0
1388,2023-06-27 20:00:00,0.0
1389,2023-06-27 21:00:00,0.0
1390,2023-06-27 22:00:00,0.0
1391,2023-06-27 23:00:00,0.0
1392,2023-06-28 00:00:00,6.9097027e-06
1393,2023-06-28 01:00:00,1.1112748
1394,2023-06-28 02:00:00,20.743517
1395,2023-06-28 03:00:00,38.710293
1396,2023-06-28 04:00:00,100.27661
1397,2023-06-28 05:00:00,223.7302
1398,2023-06-28 06:00:00,370.19034
1399,2023-06-28 07:00:00,520.1207
1400,2023-06-28 08:00:00,590.10706
1401,2023-06-28 09:00:00,622.735
1402,2023-06-28 10:00:00,854.829
1403,2023-06-28 11:00:00,883.25244
1404,2023-06-28 12:00:00,867.3555
1405,2023-06-28 13:00:00,779.09204
1406,2023-06-28 14:00:00,666.9805
1407,2023-06-28 15:00:00,478.19458
1408,2023-06-28 16:00:00,315.26886
1409,2023-06-28 17:00:00,232.61374
1410,2023-06-28 18:00:00,128.90384
1411,2023-06-28 19:00:00,60.869602
1412,2023-06-28 20:00:00,25.637976
1413,2023-06-28 21:00:00,15.1428385
1414,2023-06-28 22:00:00,1.0284725
1415,2023-06-28 23:00:00,8.081312e-06
1416,2023-06-29 00:00:00,9.0834465e-06
1417,2023-06-29 01:00:00,0.025535526
1418,2023-06-29 02:00:00,13.050369
1419,2023-06-29 03:00:00,22.070333
1420,2023-06-29 04:00:00,84.939865
1421,2023-06-29 05:00:00,145.97525
1422,2023-06-29 06:00:00,114.990524
1423,2023-06-29 07:00:00,205.76634
1424,2023-06-29 08:00:00,244.78981
1425,2023-06-29 09:00:00,243.54022
1426,2023-06-29 10:00:00,481.37662
1427,2023-06-29 11:00:00,422.08026
1428,2023-06-29 12:00:00,303.2121
1429,2023-06-29 13:00:00,300.8517
1430,2023-06-29 14:00:00,261.19345
1431,2023-06-29 15:00:00,249.53548
1432,2023-06-29 16:00:00,193.99075
1433,2023-06-29 17:00:00,116.46123
1434,2023-06-29 18:00:00,41.391373
1435,2023-06-29 19:00:00,21.665035
1436,2023-06-29 20:00:00,10.065395
1437,2023-06-29 21:00:00,1.9810472
1438,2023-06-29 22:00:00,0.0016562154
1439,2023-06-29 23:00:00,5.2933294e-05
1440,2023-06-30 00:00:00,4.5135923e-05
1441,2023-06-30 01:00:00,0.0881789
1442,2023-06-30 02:00:00,2.358297
1443,2023-06-30 03:00:00,6.9282007
1444,2023-06-30 04:00:00,24.0494
1445,2023-06-30 05:00:00,46.9289
1446,2023-06-30 06:00:00,85.457855
1447,2023-06-30 07:00:00,110.50658
1448,2023-06-30 08:00:00,125.683464
1449,2023-06-30 09:00:00,114.785034
1450,2023-06-30 10:00:00,157.23047
1451,2023-06-30 11:00:00,219.54517
1452,2023-06-30 12:00:00,209.37953
1453,2023-06-30 13:00:00,242.17468
1454,2023-06-30 14:00:00,206.61212
1455,2023-06-30 15:00:00,205.01411
1456,2023-06-30 16:00:00,128.44928
1457,2023-06-30 17:00:00,142.59592
1458,2023-06-30 18:00:00,43.353085
1459,2023-06-30 19:00:00,32.40344
1460,2023-06-30 20:00:00,16.18016
1461,2023-06-30 21:00:00,2.4172304
1462,2023-06-30 22:00:00,0.0007291993
1463,2023-06-30 23:00:00,1.7746099e-05
1464,2023-07-01 00:00:00,0.0
1465,2023-07-01 01:00:00,0.0
1466,2023-07-01 02:00:00,0.0
1467,2023-07-01 03:00:00,0.0
1468,2023-07-01 04:00:00,0.0
1469,2023-07-01 05:00:00,0.0
1470,2023-07-01 06:00:00,0.0
1471,2023-07-01 07:00:00,0.0
1472,2023-07-01 08:00:00,0.0
1473,2023-07-01 09:00:00,0.0
1474,2023-07-01 10:00:00,0.0
1475,2023-07-01 11:00:00,0.0
1476,2023-07-01 12:00:00,0.0
1477,2023-07-01 13:00:00,0.0
1478,2023-07-01 14:00:00,0.0
1479,2023-07-01 15:00:00,0.0
1480,2023-07-01 16:00:00,0.0
1481,2023-07-01 17:00:00,0.0
1482,2023-07-01 18:00:00,0.0
1483,2023-07-01 19:00:00,0.0
1484,2023-07-01 20:00:00,0.0
1485,2023-07-01 21:00:00,0.0
1486,2023-07-01 22:00:00,0.0
1487,2023-07-01 23:00:00,0.0
1488,2023-07-02 00:00:00,3.2675748e-06
1489,2023-07-02 01:00:00,0.0070612305
1490,2023-07-02 02:00:00,15.074718
1491,2023-07-02 03:00:00,36.036556
1492,2023-07-02 04:00:00,92.83205
1493,2023-07-02 05:00:00,148.9375
1494,2023-07-02 06:00:00,330.87848
1495,2023-07-02 07:00:00,381.9854
1496,2023-07-02 08:00:00,576.44684
1497,2023-07-02 09:00:00,639.38367
1498,2023-07-02 10:00:00,755.4415
1499,2023-07-02 11:00:00,820.229
1500,2023-07-02 12:00:00,512.6922
1501,2023-07-02 13:00:00,652.26904
1502,2023-07-02 14:00:00,576.4924
1503,2023-07-02 15:00:00,421.918
1504,2023-07-02 16:00:00,344.1753
1505,2023-07-02 17:00:00,234.33871
1506,2023-07-02 18:00:00,141.87578
1507,2023-07-02 19:00:00,54.54728
1508,2023-07-02 20:00:00,17.724958
1509,2023-07-02 21:00:00,0.12352382
1510,2023-07-02 22:00:00,0.00014598838
1511,2023-07-02 23:00:00,4.5038164e-06
1512,2023-07-03 00:00:00,3.8884396e-06
1513,2023-07-03 01:00:00,0.008648158
1514,2023-07-03 02:00:00,5.327635
1515,2023-07-03 03:00:00,22.290596
1516,2023-07-03 04:00:00,52.801666
1517,2023-07-03 05:00:00,113.48547
1518,2023-07-03 06:00:00,122.29189
1519,2023-07-03 07:00:00,184.41396
1520,2023-07-03 08:00:00,382.62238
1521,2023-07-03 09:00:00,562.8464
1522,2023-07-03 10:00:00,665.4542
1523,2023-07-03 11:00:00,559.2791
1524,2023-07-03 12:00:00,589.5699
1525,2023-07-03 13:00:00,603.12836
1526,2023-07-03 14:00:00,509.31076
1527,2023-07-03 15:00:00,274.95007
1528,2023-07-03 16:00:00,127.22136
1529,2023-07-03 17:00:00,83.02699
1530,2023-07-03 18:00:00,61.293686
1531,2023-07-03 19:00:00,57.48459
1532,2023-07-03 20:00:00,9.443296
1533,2023-07-03 21:00:00,7.6067047
1534,2023-07-03 22:00:00,0.0001530593
1535,2023-07-03 23:00:00,4.654137e-06
