id,prediction
0,0.01497088472715824
1,0.15616083266084468
2,0.5867878598584223
3,45.27787134479736
4,335.6439708372464
5,757.11481644632
6,1585.643705272814
7,2579.96178124907
8,2710.463802996888
9,2561.107452807316
10,2657.6589305467396
11,2768.779823027877
12,2560.3279351071797
13,2139.8191201187806
14,2356.487224794358
15,1749.8483452677322
16,1114.2982497586313
17,550.7297076999424
18,234.4383776503398
19,16.519486558649017
20,0.37580822274938036
21,-6.062062392991785
22,0.5096994511412957
23,0.3553278831671558
24,-1.812677550722928
25,0.8819386925118577
26,-0.589523475320235
27,108.37048691112625
28,792.1668117096609
29,1707.0558242111942
30,2280.7186268865394
31,2808.8601729827196
32,3861.0140921942684
33,4260.41382160001
34,4282.12720852457
35,4317.463051698613
36,3742.614742069912
37,3339.1810314433037
38,3245.50592282803
39,2739.444637455342
40,1591.778551867453
41,752.6160460411244
42,393.4938480898101
43,154.16176268346123
44,11.741067915283175
45,19.85334155681115
46,7.270069811045056
47,28.83280999709737
48,11.355571069882235
49,-0.5057478114251462
50,-5.109532322482717
51,209.94226439833844
52,738.8657924075056
53,1473.6882911793311
54,2711.0516649654073
55,3613.4426661631037
56,4434.105407985929
57,4800.9876061281475
58,5004.553486686419
59,4793.033314235897
60,3973.5089800874243
61,3627.0469983188536
62,3045.048636571132
63,2274.6798847748614
64,1358.2484618618812
65,793.7390802875877
66,304.013350674274
67,129.77559914703008
68,0.70023660344786
69,-1.718353710930086
70,0.20581800040157672
71,-10.213931561814666
72,1.6496794223497662
73,2.1361793589342684
74,13.326289829950245
75,120.5583906177977
76,402.18835242627057
77,1261.4455135539686
78,2516.5218749391756
79,3685.6730776314794
80,4061.8998105343167
81,3179.9200109372905
82,3313.928418930269
83,3617.1264737908728
84,3887.146659461318
85,3234.1426207457166
86,3308.779983839123
87,3001.5079641157836
88,2197.882194935503
89,844.7616944905209
90,208.74645719218984
91,135.9216843572208
92,23.625339768574168
93,-3.0089404144885
94,0.8078625226599179
95,3.031996854400782
96,2.895666333457735
97,-7.730556382451724
98,32.05401038817174
99,237.0364583355635
100,647.2160469398233
101,1198.8868620925266
102,2695.2890508593996
103,3774.112448801593
104,4611.663700925515
105,4819.895630309727
106,4596.911255045158
107,4748.245081904646
108,4533.252774064188
109,4021.3712756404366
110,3239.254954545378
111,2848.50622977624
112,2118.855683147738
113,1133.2086755200562
114,418.13833974254544
115,193.47870428618052
116,37.777961937239375
117,4.596943451787549
118,4.967525075241492
119,-0.031977757800513484
120,-5.7888588206095974
121,-43.51547438554442
122,26.65039086131716
123,254.53016099769238
124,653.1442393021712
125,1586.0002080296088
126,2642.988975186784
127,3587.354857548792
128,4180.776018535461
129,4068.426451441104
130,3996.515579276252
131,3267.82220573972
132,3042.9211377575116
133,3236.797174127224
134,3035.7932817799547
135,2710.407543184886
136,1919.097923571986
137,880.8478005594603
138,386.2376567461998
139,190.0826702459536
140,-1.8634501897797358
141,3.10152765826523
142,-2.3118458667396764
143,-0.2782679445900109
144,-2.4438231454653625
145,-33.94543811693693
146,29.15664793356337
147,227.920811012146
148,708.0770710923089
149,1712.2913990264021
150,2844.244264629419
151,3720.4282103468254
152,4628.470344321676
153,4596.999375909206
154,4434.63130008762
155,4201.625786922155
156,3783.382153037942
157,3083.177079029759
158,2780.384050662532
159,2340.110319213441
160,1683.312357353547
161,780.9372309539787
162,386.38901634426514
163,137.74352760259853
164,24.78747710474563
165,2.5495308262723673
166,-7.852387203888798
167,-1.1422762250149012
168,-5.071223141868247
169,-11.395788927777794
170,18.50337344435614
171,85.44887967845463
172,180.054922760709
173,258.3159969410639
174,402.5172833246327
175,475.7124728122386
176,623.4674959502757
177,736.2802066373232
178,843.1455449673772
179,1052.2543611619258
180,1428.9118122322666
181,2011.91623754377
182,1928.9661235267226
183,1809.922494001518
184,1343.9601240619504
185,616.4510732550441
186,242.98735762155957
187,110.25361951755967
188,35.030305687823166
189,2.4650351155457333
190,-0.9525900762917345
191,-28.11685720315197
192,-2.9837465817888353
193,8.824147392948305
194,83.77459857666362
195,178.31717961435828
196,356.9578386682612
197,571.8692226761169
198,1050.306613283812
199,1706.79372361579
200,2177.268105168128
201,1741.133657480733
202,1967.2958160256442
203,2415.5983621900464
204,2170.3771617119987
205,2321.4747490843847
206,2005.4119527265102
207,1684.1678723139253
208,1074.5468574584122
209,373.28612645558366
210,195.085585123053
211,38.66774950299008
212,-0.93125981308652
213,3.309343859145804
214,4.433157629580059
215,0.16570041214591197
216,0.37285399485544124
217,-0.7034082045151158
218,38.818434658382046
219,103.27699171530834
220,255.9189617308305
221,330.9281692166509
222,610.8330191290124
223,881.4996577793976
224,1625.0412205387352
225,2156.3073388191974
226,1422.7246545701255
227,1566.611486609539
228,1234.3682335346032
229,963.506887147511
230,796.7783941639474
231,658.2105521107908
232,511.53190699898744
233,262.79662563761417
234,147.35126731576648
235,85.75118926797752
236,-16.13712986994011
237,1.347772787454458
238,-6.685037178170768
239,-3.71185962058935
240,0.48894792545571564
241,2.4003201515697796
242,41.85478823899812
243,132.10178932744248
244,278.83116228122145
245,590.3952193925077
246,1116.6450834974235
247,1903.5064552932704
248,1727.3433807830568
249,1971.8124312121345
250,1640.2255884074505
251,1987.849895616128
252,1824.7380462463723
253,1934.2481724713975
254,1726.4449574746097
255,1563.2052899438067
256,1326.6986750699982
257,635.8085138243
258,446.277226999245
259,226.5106651240749
260,38.73440958464155
261,17.35610266528093
262,0.34585532262576124
263,0.2745552329712354
264,0.8066436125101518
265,1.1115399945096467
266,55.528006989143584
267,175.88215639595595
268,334.5227074245538
269,666.3099159096682
270,980.1334089949717
271,1168.6704344291136
272,1227.3187222957295
273,1696.8810322237696
274,1799.573034421801
275,1546.6777251013038
276,1314.186856643492
277,1328.6826625332606
278,1173.1508651810857
279,856.1474031690033
280,705.9190222094401
281,341.1335308501436
282,128.22864296296854
283,53.467283571910876
284,2.3285228596529848
285,-14.069591932199419
286,4.4608245859585764
287,-0.6699493936362393
288,-42.781543466268076
289,-13.054942195723092
290,43.550960250235526
291,137.86795570783477
292,206.75529478536433
293,519.2347797380309
294,1127.6723349368353
295,1605.7761705215562
296,1769.6778511352013
297,1686.7981420119088
298,2357.2856718863322
299,2536.5070894038545
300,2242.5063353818555
301,1807.8175751816093
302,1681.2876185636833
303,1490.7342918733416
304,1009.4378419685148
305,708.2716662143699
306,433.3727082698981
307,191.69711616344927
308,70.69360879580894
309,13.865516272154371
310,3.1436077899131227
311,1.1978996866490874
312,-3.1250085189464163
313,2.222658446046977
314,38.25956996651121
315,163.44435272656045
316,326.8966494040942
317,746.0921507864963
318,1068.514384974025
319,1643.4980058657882
320,2592.9829655542053
321,2547.89478848625
322,2826.1155845434164
323,2579.547027018979
324,2325.923025646118
325,1641.2847397907237
326,1155.0364233595335
327,738.882593332555
328,495.666324389513
329,376.24694708486555
330,157.5165041035075
331,103.39175218160352
332,19.382877923239885
333,-0.22058488344252736
334,-0.1051352874581678
335,-0.6878782269837687
336,1.0411614434108647
337,27.317539601049813
338,67.20483206098002
339,115.33895890668133
340,279.8733636973431
341,540.2343558919814
342,957.3799472479056
343,1064.2099046193377
344,1168.3721845171003
345,1499.6610322864385
346,1664.3650189559576
347,1520.9218374262575
348,1358.1318689015764
349,1512.9253145675195
350,1692.9542062454796
351,1537.9314750000099
352,858.6724313293812
353,405.5261452599739
354,287.0842203406329
355,173.15556967505978
356,23.028208553620217
357,1.5755081227163363
358,2.937624805229682
359,1.264849414252887
360,11.339827450719644
361,6.217107308636489
362,45.030457373920505
363,134.1417433665199
364,336.0551967795334
365,510.15708068274006
366,988.1109469765629
367,1007.6744605580665
368,1579.7378469804526
369,1915.3972586048756
370,1971.4359976395908
371,1922.6306403502115
372,1999.4999134670275
373,1575.650758443522
374,1150.668584153612
375,957.2383549869354
376,720.5893654836914
377,656.013243873668
378,369.0273942530774
379,163.2044795726526
380,4.475016858149626
381,-1.4307414390019357
382,-0.5818201833037799
383,0.6982275492820063
384,27.411317201972278
385,31.614417251393224
386,58.60350042117081
387,123.17845285424421
388,278.08258156553734
389,492.3824583103203
390,744.9010363270637
391,757.5530432520858
392,1035.1631460431543
393,1313.3682635479965
394,1287.6053124184361
395,1134.0891968424173
396,1572.7106205433527
397,1439.1484575750715
398,1204.7089849771855
399,1225.684403082655
400,781.3374806662941
401,650.2402485137167
402,429.22678175327235
403,175.2510895185761
404,80.70789746451901
405,9.313216808714952
406,2.865492361420684
407,2.9991234355121836
408,-67.10909220346818
409,-71.09342301561828
410,21.681793529256144
411,227.41742288774918
412,893.1931225048562
413,1940.8599955606574
414,3168.1069321761365
415,4090.1457289402797
416,4680.134416936029
417,4946.298999752023
418,4746.224600004448
419,4320.99686318894
420,4199.428201733932
421,4003.047832662217
422,3517.412047068786
423,2858.6577396836024
424,2122.154342813001
425,1207.5373143769925
426,666.0261290884233
427,333.9313294238475
428,107.2176034335005
429,-5.211343789977882
430,-4.972797335361691
431,-1.7395117901279797
432,-14.500760278782582
433,3.941259595731822
434,153.89863223116996
435,403.20570392540014
436,756.4968108208112
437,1689.5871992643088
438,1955.7359362675131
439,3050.7157695743444
440,4065.2195172113043
441,4597.897442241491
442,4155.896682764764
443,3692.8128844527128
444,1990.7474533805714
445,851.8086289834653
446,728.0631978593971
447,745.5936303959085
448,911.8606925149967
449,722.2670694356691
450,239.05980450271022
451,121.48942997246509
452,-9.061731785826755
453,-27.70393562796379
454,1.8582053617976704
455,0.5585784273653587
456,-0.576206850443941
457,2.6124814430261516
458,47.93895477677765
459,178.72901312262113
460,421.704155096369
461,755.9231942051456
462,2017.9233037136687
463,3435.7485224007187
464,3617.770087184738
465,4234.790635044869
466,3981.825375770284
467,4415.915017851491
468,4201.305042055657
469,3831.258152749065
470,3453.3279268632455
471,3081.037757550101
472,2209.5598486143076
473,1278.9937221901853
474,622.4471208529696
475,330.24997016225217
476,149.66594123986488
477,20.37489064250525
478,-4.268087079774988
479,22.452909394911856
480,-32.65327556378367
481,-62.97343649218376
482,145.91227547735485
483,271.43669612628406
484,724.3454297899494
485,1777.6867415973106
486,2932.657633220841
487,3770.008607283124
488,4680.392357983371
489,4947.940511096435
490,4661.555491952057
491,4560.1631451963185
492,4243.410352770153
493,3919.1553345995153
494,3483.7970339108315
495,2947.509255910999
496,2154.525498327216
497,1280.2358284722893
498,672.574934444777
499,368.70200635566965
500,169.43550918581835
501,9.433537449316493
502,2.587642872946833
503,-0.5428595170174165
504,46.216538650762665
505,24.79453999837706
506,109.27483146851193
507,331.60176771013215
508,675.9534611245181
509,1631.3787866379928
510,2609.285395308446
511,3438.5302323130663
512,4324.235316958059
513,4737.348188891671
514,4596.100904686542
515,3972.539084694991
516,3062.6207684317787
517,3664.7441833776293
518,2862.4023185519895
519,1886.2000759214975
520,1436.8781227616632
521,965.9215338529057
522,431.4060536574782
523,161.48054259609927
524,49.407179083257496
525,41.415238063513634
526,-4.17960911129908
527,-4.465365128546316
528,0.7365054827782667
529,17.517264827033916
530,49.07022300420119
531,60.59656229891923
532,375.3177021872932
533,593.2043382892514
534,876.8135489127341
535,1349.4076554021267
536,1445.104498662404
537,1234.5715064373437
538,829.5276306592506
539,2486.9663293518092
540,2265.33473794199
541,2941.8059290625633
542,2929.552956423891
543,2551.0261572569907
544,1691.5992612244045
545,974.1085155581588
546,564.1863418134549
547,250.2970649220848
548,57.64138569550442
549,-14.231612118787854
550,-15.190865151163917
551,5.844214855622519
552,3.3275378716905633
553,29.87915033795599
554,21.94045790715876
555,132.1607340806082
556,220.42974830570452
557,215.57721398832433
558,445.76988643798717
559,538.1520123897965
560,996.8466653540761
561,1300.7528587018116
562,1240.6313708939908
563,987.5325655919944
564,1026.9542423711027
565,906.2750166774971
566,1405.4743428114773
567,1850.640605989094
568,1519.6979664870435
569,817.986611658897
570,503.2922111496223
571,206.48021166595186
572,39.86743901366057
573,-2.675450547749166
574,-5.756952531543712
575,-0.7471073941342039
576,-28.39758334865077
577,-17.06370904373668
578,114.94035572344256
579,316.07040757342634
580,794.6678701860948
581,1698.8949791951195
582,2897.93070253509
583,3722.001251851873
584,4298.788644704149
585,4343.643114874395
586,4521.274039835964
587,4355.108798868984
588,3856.7492195008012
589,2885.222465639992
590,2292.458950398608
591,1718.0403286771643
592,1471.6226912192722
593,844.0863065927324
594,354.8938821324062
595,162.5631880490971
596,83.14268811640616
597,-40.22051585466331
598,-11.165386129336099
599,-19.269279525379165
600,-13.020583739395164
601,-24.56504457897826
602,137.18771478605797
603,295.96739388701576
604,708.4744075988677
605,1640.8037225811918
606,2866.7139979928616
607,3728.6488814048344
608,4539.052419593028
609,4869.444178842148
610,4794.21168740764
611,3830.087827477316
612,3748.2211612254937
613,3695.845223500131
614,3093.3552940571726
615,2231.451249216928
616,1499.2961766415137
617,666.6446283800022
618,400.4642055721249
619,275.74744332934966
620,80.20381849831652
621,33.09517300265664
622,9.53283074543618
623,-0.1704809700725114
624,-2.1684958287454803
625,7.90642218745085
626,122.76524210745117
627,245.3600531367695
628,433.558517861028
629,635.0969493066143
630,789.0369131149721
631,836.0937610255589
632,896.2205473910997
633,896.9119013447853
634,1437.853258294207
635,1233.6937125811935
636,723.9507096899147
637,653.9909871059683
638,596.9520667115097
639,602.8665856118288
640,358.3352110094278
641,251.30230638901887
642,145.59170692641544
643,74.51067672829763
644,1.8109007616411608
645,6.327508310235688
646,7.396259339950937
647,6.395920305305159
648,13.55681447431746
649,26.6353240057678
650,76.35160332538257
651,117.8181714988648
652,164.14604930826323
653,253.54463450487526
654,371.0711649745419
655,481.96712519282386
656,659.8876042468128
657,816.6467754674519
658,721.088607621416
659,646.1229633931003
660,580.5857750312385
661,671.8865909962551
662,697.4915011512846
663,681.3885810185003
664,506.96067005838404
665,325.78412042596983
666,192.58228542980788
667,99.47116220880203
668,25.63411457378484
669,4.753884351497339
670,1.5494016463659297
671,1.13784103091566
672,4.758331775547799
673,17.118700891508844
674,114.50282976472008
675,349.5774653989827
676,390.8084394301502
677,814.1545715382687
678,1652.97176340868
679,2199.8226233903274
680,3308.8106307469457
681,3515.129216524602
682,3650.167171172629
683,3629.1316233186158
684,2770.488058794875
685,2654.5709248422345
686,1931.0786809590925
687,1649.104089991606
688,844.3288989243119
689,376.95317805921223
690,345.93695615265057
691,101.49007616452455
692,11.794619720425587
693,-114.1143639743113
694,-84.97737557764925
695,-29.231078527899047
696,11.290972645653278
697,23.94748593061931
698,78.36363506396447
699,75.26266755490946
700,244.4077892882499
701,420.3577698640407
702,301.4722910530991
703,390.5603936631836
704,564.7592870625283
705,1314.5522672390264
706,2157.150511825713
707,2350.5957228892225
708,2405.7009774392714
709,2864.235107472789
710,1589.958631082349
711,1251.0643471882904
712,687.3809607354602
713,411.8484166531425
714,233.0893658044222
715,126.32593224425933
716,36.040149439330825
717,11.182866214319112
718,-4.496071758407299
719,1.1483847599542434
720,0.028015492761828867
721,-0.018273246304129465
722,-0.016848025827930338
723,2.7849773493501244
724,37.03672123066332
725,123.02828608371803
726,264.2691577240619
727,403.6545055588378
728,474.60556395222875
729,442.1136826451115
730,429.5645515953414
731,457.84927230234325
732,486.8911559950473
733,472.90465237313026
734,397.5259011025879
735,251.27392126303084
736,168.24777061392362
737,101.38511480261121
738,44.98442414183501
739,9.88008530159208
740,0.2520691027227007
741,-0.08460720559719845
742,-0.00475314883033886
743,-0.00776889344499033
744,-0.27285175634510245
745,-0.09418968930928726
746,0.5316257320099362
747,11.196737776594885
748,98.72681369175757
749,258.30707349125544
750,370.93373144820646
751,497.9597556423038
752,662.3033890621498
753,728.2405788023641
754,764.9148549921697
755,705.8139935422029
756,605.4350924793025
757,504.39475920963093
758,461.32445474789586
759,345.1460340172686
760,198.78677022499312
761,100.33782607988618
762,53.61359327739648
763,4.695374757544569
764,-0.18946689732407707
765,1.27950886595279
766,1.0239223419810128
767,0.2567274039882383
768,-4.487722089741367
769,-0.016666907622086592
770,1.3729443677753965
771,40.5434008743966
772,125.59867137624019
773,308.2722480769633
774,502.96819933129257
775,709.3534832237291
776,834.9676316820677
777,884.8390878948758
778,925.9350555022406
779,889.2327172088892
780,838.8481149933338
781,737.3158812762891
782,621.0683567468803
783,438.82516018233986
784,267.65771728331407
785,142.7879045797956
786,78.51775473438863
787,17.867768477710378
788,-1.5729802925736198
789,0.03362713549362078
790,-0.03272846638554303
791,0.30710717494748746
792,1.0100727464606578
793,0.7840178405910384
794,0.9478862509730017
795,23.668414693802788
796,90.38720521501806
797,244.30049778103142
798,451.8729876547743
799,693.2856185372077
800,764.5957602698791
801,575.4367085689614
802,554.4202275166869
803,605.6818178920776
804,565.4969136829362
805,416.81656581851377
806,439.44584895336396
807,472.87048408217385
808,321.06405793328
809,187.56983211684962
810,69.02696444674166
811,24.53864302337642
812,2.0276491829665746
813,-3.372293555852817
814,-0.04351065600447008
815,0.3755887384823111
816,-0.0726499412011758
817,1.6868947031573958
818,3.8814956470975956
819,53.22951331361589
820,130.4871602691645
821,239.7927317624353
822,431.0972941692233
823,594.9267832599593
824,751.6441894846168
825,850.4674705034354
826,871.9380773432213
827,847.8953678348649
828,873.6389288038666
829,769.5884060030484
830,668.8881915421873
831,492.3571759811949
832,298.99430578997544
833,204.71963090619016
834,105.2686047891075
835,27.89753395518961
836,-2.2846805995155335
837,-4.783262581020991
838,-1.7469241739478358
839,-2.2802255989135536
840,0.6246160368283303
841,0.6172656881310243
842,4.994280785064835
843,49.992200953468235
844,125.67262991143983
845,333.3185697692715
846,516.5685970182311
847,691.5237160942426
848,712.6846066519739
849,740.308839679244
850,740.4632108210162
851,639.0291360892146
852,570.9090946888534
853,565.0804323172307
854,582.0599144768851
855,506.272195856173
856,307.9595408862826
857,194.89997752889238
858,94.29888735620295
859,28.75381092804823
860,3.2013609108597314
861,-0.03809182750835464
862,-0.030214688092501926
863,0.047842350638345243
864,0.06637033777113402
865,-0.25150621114759275
866,5.207483178414482
867,59.41389300996696
868,159.99156215442437
869,346.1995743303385
870,537.0700321813
871,703.2016342735483
872,841.5702368257259
873,901.3273549439976
874,851.5049379082789
875,795.0398475375848
876,730.2167824073837
877,632.1044882077566
878,564.2990906950363
879,426.4870472824737
880,285.37290465153404
881,180.12938911528835
882,97.49688254345594
883,28.88886365250058
884,13.831971405062989
885,4.702486702775006
886,-0.8276164984556963
887,-0.07693094970298205
888,-0.12668224707892403
889,-0.6093779978768531
890,1.329716091684249
891,14.956719883868697
892,40.74804976593667
893,59.733986578732114
894,71.39778504769978
895,114.00692405476416
896,127.01047030314001
897,184.99342311869825
898,247.2709487223074
899,314.42327308123396
900,324.93194965676037
901,391.5904166707145
902,354.042887720566
903,311.1031935294373
904,235.95356450411407
905,143.5423002398814
906,69.60782826380228
907,15.775204513485441
908,4.034976015991129
909,-0.0084694955813744
910,-0.20857066815468459
911,-0.23280870683895516
912,4.452488175185087
913,4.7412588418319
914,7.799566366263931
915,40.18224775752922
916,71.3906816597785
917,109.4190870785252
918,193.88642724309673
919,338.63677382286755
920,394.2320145476504
921,306.94376348616345
922,399.08118296159626
923,436.6945674395074
924,345.0745342979394
925,460.22739832490447
926,438.29137644143884
927,274.1700495639114
928,142.13039836739378
929,124.6757892550361
930,70.09517298035004
931,15.873594467928793
932,-0.12750318935928337
933,1.960518162146658
934,0.9268096572153801
935,0.5329195124868983
936,0.6988992384052444
937,0.03397588509564691
938,3.307252319844321
939,22.711902652876976
940,36.7966025785809
941,44.5399746968313
942,99.15137251027093
943,195.5410530826859
944,359.8479118312115
945,468.55650550395177
946,406.1118257117398
947,386.3405035146272
948,280.6865252727208
949,219.48776641924493
950,159.64336734665494
951,171.7753583987565
952,104.04718942312313
953,59.081428074393926
954,40.68257852809583
955,23.72464794845893
956,7.686396565807139
957,0.5126457589174401
958,-0.31747216288917657
959,0.0807847456841869
960,0.21320195360983066
961,0.004659099069566744
962,3.4035409437726245
963,16.71050707260506
964,47.80271839588997
965,131.28427489035587
966,175.465165221433
967,327.29866657981046
968,317.7518491325062
969,328.72793123375897
970,271.5670015039603
971,354.14110128868515
972,338.24145021861125
973,415.7849728215719
974,286.5491065009897
975,252.26096484123883
976,203.72345837638196
977,176.2972514254887
978,101.57764975051471
979,37.272847901530874
980,8.407113466070163
981,0.44851723653817277
982,-0.17799540322155968
983,-0.1626757463375652
984,4.78327646968191
985,0.39891885599853005
986,14.048047141381412
987,34.96257714894137
988,87.60831184119004
989,135.67115185459315
990,192.01450025510957
991,236.4647976821106
992,315.10591436771944
993,414.8232427855745
994,495.1622516509011
995,400.76110938747223
996,368.704536136953
997,302.8688783471737
998,238.81258654138395
999,183.02653806231916
1000,113.5771772099717
1001,100.67833744749117
1002,43.69404582329209
1003,10.573527378659916
1004,2.2442506383456426
1005,0.8815518626618182
1006,0.5611683284912116
1007,-1.1931602741529652
1008,0.028107704656977348
1009,2.231369515629106
1010,19.930344872354688
1011,43.930968589986925
1012,88.48254826507072
1013,125.58243377578907
1014,228.6844211687088
1015,327.52786349121436
1016,278.8343258507001
1017,345.09435271116826
1018,435.2603477683755
1019,470.3650879526992
1020,395.80157799401456
1021,302.8972729111313
1022,292.83086911190156
1023,219.19799093433141
1024,149.6963076364136
1025,118.44687542510809
1026,71.56179698753965
1027,46.489404906280754
1028,12.757044904589913
1029,0.0373062659803224
1030,0.19980145453699558
1031,0.3195279777913544
1032,0.46857297705430884
1033,1.0417564358913343
1034,12.406900611149203
1035,37.243321378736034
1036,120.86953919833358
1037,178.90818325135513
1038,253.30900165962788
1039,352.8253039068795
1040,470.41651722139665
1041,633.3668822876051
1042,598.1368151590632
1043,509.0707722150408
1044,472.6218520820255
1045,447.25663250849277
1046,290.70264811963335
1047,210.48105141741172
1048,145.41964891108054
1049,71.12965673479555
1050,35.749800913630665
1051,13.623747660157347
1052,6.279354673944035
1053,4.486446957278535
1054,0.3758581449664892
1055,0.3788107809527007
1056,-0.6654155502412894
1057,0.9727727493825216
1058,3.3383952571470497
1059,20.180094961945276
1060,54.103981109203694
1061,109.19047654614802
1062,158.53277367148723
1063,206.27380202663025
1064,247.48055893300864
1065,280.0068202351359
1066,300.553210392872
1067,332.1986437227908
1068,256.7506987010717
1069,242.7403803505595
1070,229.20223044575516
1071,191.70904325186413
1072,130.83054264811815
1073,109.37112779083743
1074,65.71295031737647
1075,35.97993355811113
1076,11.658670288662728
1077,-0.3828686120127817
1078,0.01712213918605366
1079,0.05420484344860819
1080,0.510308126794255
1081,2.1053948028991805
1082,6.704934728078182
1083,37.64490260827997
1084,82.88500503602376
1085,111.63229485216816
1086,156.42530167789602
1087,219.27626648605514
1088,286.09025051830247
1089,444.57557323457337
1090,469.69711579687026
1091,494.68817660371246
1092,445.13650649355554
1093,408.1247691020054
1094,262.92640272425655
1095,222.74709165154908
1096,167.8272019781452
1097,161.3077393583221
1098,76.06446854773873
1099,38.96309283377365
1100,1.4315889001711635
1101,0.5667047918137124
1102,0.007780370118160489
1103,0.012576364694976501
1104,0.18978195912769064
1105,0.7063403708959243
1106,8.03865240416723
1107,23.70831240865295
1108,64.40329464012463
1109,89.92915239063042
1110,117.62511670309058
1111,193.26659205168832
1112,225.4882166295442
1113,241.5231410429247
1114,265.9658605312931
1115,302.6469034856357
1116,351.0446146022086
1117,322.03531565896003
1118,270.72264615521215
1119,192.9164364678567
1120,165.04237232707848
1121,147.0624762816121
1122,89.08187271368888
1123,35.70262059953855
1124,6.742720191978001
1125,0.09462835279431243
1126,0.25716585315979024
1127,0.11817207802857152
1128,2.472364717143492
1129,6.196300755785236
1130,34.0826213958617
1131,86.92345122059186
1132,220.24446483622083
1133,386.37503682321113
1134,584.3390201949022
1135,772.5075692400428
1136,884.6262023621342
1137,929.4665404870818
1138,972.2909294961854
1139,970.3811652252864
1140,937.3392728673841
1141,821.9658215950656
1142,698.799625498337
1143,558.4076033644142
1144,383.50684019345465
1145,244.69052586159071
1146,133.6430598999958
1147,48.11652374101141
1148,12.55163742016987
1149,0.07094915059872695
1150,-0.01876037645148661
1151,-0.5344787977132944
1152,1.522091693850689
1153,3.9763935982064824
1154,25.30698555667484
1155,99.89208155295147
1156,210.02905670048116
1157,341.11966807719887
1158,437.6276739974246
1159,593.4151804239041
1160,699.0528583420039
1161,858.1532325487242
1162,825.4745072426468
1163,700.2413632582296
1164,527.1548914589785
1165,304.1080715367497
1166,167.57324037200294
1167,232.01255457062922
1168,275.0140175023995
1169,141.77114183346447
1170,65.19122804303205
1171,35.87953775219087
1172,-0.5039215962258659
1173,-0.8027277289065029
1174,0.19765299733091216
1175,0.204232424663562
1176,0.48891087403238936
1177,1.803712712515293
1178,19.062942200271184
1179,53.08525586609155
1180,103.98524201044368
1181,186.91548000522508
1182,439.39325141579064
1183,643.2947207544214
1184,663.5390512808228
1185,753.4941162166012
1186,771.8733090112066
1187,795.2874192277797
1188,837.6333263252183
1189,810.6403170660104
1190,657.8534537762006
1191,579.171485161929
1192,386.87496851266894
1193,252.78515218675622
1194,137.72227222987445
1195,55.62383915603988
1196,16.192280410996933
1197,1.0834520913552674
1198,0.17986086563946985
1199,1.280144928589185
1200,0.3822975270119506
1201,-9.250483661526426
1202,22.535125778317934
1203,95.40236119464036
1204,223.28787483276767
1205,376.026808488663
1206,517.7418136638448
1207,709.7248983453699
1208,781.5931205681721
1209,881.3862173018584
1210,918.0853296578896
1211,857.0194389923985
1212,821.3261145390427
1213,770.289603365271
1214,678.60922827719
1215,576.4293902164812
1216,429.7222996935577
1217,258.5677975668543
1218,132.199465244726
1219,57.448808704965884
1220,11.952965541642827
1221,-0.32213753829604713
1222,-0.07508715430544499
1223,0.0068509463330148354
1224,-0.2685268810611606
1225,3.12173044228264
1226,25.856285799164944
1227,75.93856780931144
1228,203.37787664964236
1229,341.53384346550973
1230,489.5712710978521
1231,608.3557534641544
1232,768.9590224233348
1233,837.7116662801513
1234,846.6336937385482
1235,838.4371529473576
1236,663.6541775644005
1237,665.9112313428268
1238,567.6749278574674
1239,384.8168672306338
1240,291.62797505580073
1241,207.92668374446026
1242,83.32058271700002
1243,50.99843035746271
1244,11.878853110289848
1245,1.991695075866832
1246,-0.441960546850271
1247,-0.09699154431956886
1248,4.579455549764749
1249,-1.1462659954690124
1250,7.288562579136793
1251,21.42946218630582
1252,72.37833397569985
1253,131.26164980097045
1254,158.092329948036
1255,301.89703326866214
1256,314.6649777609609
1257,149.2616897420368
1258,208.09328811683727
1259,560.2127178577881
1260,540.7592436845288
1261,651.0302145161872
1262,507.3289183838394
1263,451.7780847797535
1264,298.2872014492449
1265,178.05231454531662
1266,102.51895689118884
1267,53.42797662572055
1268,17.16087463105451
1269,5.34165521865585
1270,2.1031606906981355
1271,3.358498670724151
1272,-11.679045293416467
1273,4.80343593701591
1274,20.43588855315729
1275,29.53391577007048
1276,64.57363872608785
1277,52.425568806389876
1278,90.76935968010586
1279,143.65064019340173
1280,289.5205838087415
1281,383.8696052381307
1282,319.8094040558017
1283,264.6773196454427
1284,236.46642450912026
1285,175.7836233172184
1286,432.9786609237108
1287,436.1818253068929
1288,278.4748377403808
1289,202.00478924641203
1290,103.87376014338625
1291,44.507224901796164
1292,11.938926616961986
1293,0.1051245924870418
1294,0.048622480692424364
1295,-0.07704045361404672
1296,1.1367742814638093
1297,3.074865999217305
1298,28.83102721651515
1299,89.16997719425902
1300,214.33502455967812
1301,360.67039850453887
1302,529.3690152101848
1303,701.4681951430803
1304,780.7268890187157
1305,790.9242141124324
1306,845.3580704004199
1307,816.2883372439512
1308,766.0054547871903
1309,563.7768761932705
1310,448.9791542887338
1311,350.1294307285045
1312,286.5748517733371
1313,150.03805161148125
1314,43.49579189396383
1315,20.608336227948662
1316,-0.7499664252044312
1317,-4.682474185077546
1318,-2.9069259590036634
1319,-0.24850811902323677
1320,0.19991861139804354
1321,-0.9509760668070875
1322,21.252525054742133
1323,79.93068086615253
1324,187.34014681803643
1325,326.06727375441267
1326,516.4026016736756
1327,668.9596232627648
1328,769.2254064326451
1329,821.0322254962344
1330,864.3647535009957
1331,789.4692411895172
1332,737.6123136313848
1333,596.4843266242619
1334,546.2366810764912
1335,413.5846160129261
1336,262.1369048514037
1337,201.11366236275995
1338,108.53740622734837
1339,54.60134272618247
1340,20.31888484386829
1341,0.1858122035687847
1342,0.27919951955398575
1343,0.12016374885965424
1344,-1.3663259597862105
1345,-0.5910678625428714
1346,15.627576270009682
1347,63.8596564928896
1348,117.91969687886652
1349,160.79784460224107
1350,189.739928555396
1351,195.81939812994608
1352,247.88657299914442
1353,329.48937732248146
1354,426.37082873379296
1355,457.0043920318121
1356,317.2510781588857
1357,361.7664275465957
1358,308.46891561761856
1359,223.95491277066347
1360,138.72166851661086
1361,92.15299498695819
1362,40.15973213049943
1363,12.933420251615308
1364,1.9121549996722091
1365,1.6092275958696087
1366,-0.5870082166229341
1367,0.8199885213174303
1368,1.4990486896082216
1369,2.3371351002045917
1370,6.460318836226568
1371,31.67049928749797
1372,54.566147576530554
1373,47.15394541862447
1374,92.32621685164682
1375,136.0311996237874
1376,173.53811266503598
1377,215.17545073423173
1378,169.3130511940791
1379,201.5572016256893
1380,224.2381114887993
1381,217.18658387533944
1382,189.49702633283394
1383,183.97331996405322
1384,139.86076191334433
1385,101.53368207416544
1386,48.80526804772642
1387,21.50795729604149
1388,3.243154322285752
1389,1.6628809695571865
1390,-0.535623092436095
1391,0.08163361154486198
1392,-4.415933895300377
1393,1.829829151883109
1394,23.773674899371265
1395,63.70132288360996
1396,101.2023662627733
1397,154.8028797555602
1398,239.20765514899009
1399,411.76156674564595
1400,473.2219576588589
1401,620.5954244635154
1402,640.0705906894631
1403,619.7444267427918
1404,498.2592814537236
1405,469.26140543061007
1406,332.2869729592905
1407,235.16385749663522
1408,138.4533105112797
1409,94.3490248919949
1410,62.10726274516676
1411,42.411711541448874
1412,7.632200431362663
1413,-4.451771776815494
1414,-1.7018171974704164
1415,0.8597044944244229
1416,-5.0696162574525365
1417,-6.005365884022544
1418,7.251180424832937
1419,26.136662603744796
1420,48.96117378784945
1421,44.73070137504156
1422,-7.0516382818368175
1423,43.59833816056914
1424,145.65646639001906
1425,320.0493852277908
1426,381.96873084637724
1427,478.29763559342405
1428,480.42857207395616
1429,453.1459584444501
1430,338.37066839108223
1431,231.3160963288424
1432,182.6372695158915
1433,133.64336896612494
1434,68.5573593877376
1435,32.472074690117246
1436,15.6331052197203
1437,2.8387940337198194
1438,0.0596245892728936
1439,3.4887972898779323
1440,0.25479939290628045
1441,-0.0004976731022665858
1442,0.30781143017233614
1443,0.6140739206551861
1444,9.42379486928442
1445,36.238276626322595
1446,115.21615101373281
1447,223.82195319999244
1448,285.8297464820898
1449,316.8143900017336
1450,382.4829635601048
1451,369.3243165707546
1452,313.2296807206081
1453,222.4918887216765
1454,321.0259937916146
1455,269.4095851553281
1456,210.08344250433524
1457,141.01467953432342
1458,68.89523033395639
1459,27.04263615522075
1460,3.0776672226952586
1461,-0.030031942308491988
1462,0.9627760079799653
1463,0.04330394388787046
1464,0.24529298454192372
1465,0.0912233078665239
1466,-0.03829186156072634
1467,0.6534269491008193
1468,11.26291499866198
1469,72.23053231434623
1470,153.76071326675967
1471,216.09579629243152
1472,356.9862408382773
1473,462.2227601747653
1474,540.0677484836517
1475,544.0512284023187
1476,546.9970169275442
1477,525.9318328727909
1478,463.3720479934011
1479,357.28844226236635
1480,328.1002076038823
1481,214.08790023068326
1482,112.31495890047556
1483,46.019401243109506
1484,7.018282959970684
1485,0.675140471795796
1486,0.42133012082901944
1487,0.10528813242471098
1488,-1.0281985551659738
1489,0.11388826039644583
1490,-0.022745646620425
1491,5.844581130718294
1492,22.82591347148277
1493,107.69148517689179
1494,235.56642311578653
1495,367.60974759492154
1496,525.5780369424134
1497,617.06296257492
1498,707.7135701216986
1499,687.534672513949
1500,627.2024431760111
1501,635.3000538510164
1502,570.0981545061053
1503,397.8368486462487
1504,246.4404004902003
1505,177.0423652762993
1506,117.36384817702488
1507,74.21645887102612
1508,23.10663718308341
1509,0.03164588702126292
1510,-0.24001241655809627
1511,-0.25270114848524045
1512,0.012436950942070228
1513,-0.04613277139063966
1514,0.014059110686785331
1515,4.685141931242493
1516,27.796633641057195
1517,84.6758456525422
1518,228.97989130834713
1519,285.96712743108867
1520,454.5306640595318
1521,468.5952162322008
1522,533.6191550540387
1523,538.8345765834175
1524,564.3827357900794
1525,430.7772973631931
1526,472.686661800767
1527,472.9804493100254
1528,345.07839530110175
1529,214.37713665328548
1530,107.23207498123631
1531,75.15042454046343
1532,21.271822653896542
1533,1.9635061376685308
1534,-0.01695088373988799
1535,-0.04010269200508232
1536,1.5639854091308745
1537,0.0009206020551785504
1538,-0.1968857683482153
1539,13.808735045611327
1540,27.693718439984362
1541,84.16007528294966
1542,243.80536549687196
1543,318.36580859234266
1544,496.9712145395697
1545,592.1475359153312
1546,656.5880208963223
1547,672.2345911003853
1548,702.924760536788
1549,670.7848991299537
1550,572.9290766484634
1551,446.67029689499975
1552,243.71198448350236
1553,203.69356452064002
1554,122.87574342723087
1555,81.1582405506795
1556,33.829646233733186
1557,5.918139620620947
1558,0.7130311689623916
1559,1.1541372061758213
1560,0.4426023469218649
1561,-0.8838066847172094
1562,-2.566108333008741
1563,10.668456008891601
1564,42.27081140855588
1565,126.69072083797981
1566,262.90054712240595
1567,370.8964418743219
1568,488.49823435511223
1569,505.9700568256889
1570,626.8628297759412
1571,528.7184126878067
1572,519.9708509891602
1573,512.7544362086417
1574,515.3873287094427
1575,420.32726183941907
1576,354.9659995871382
1577,212.98818318064255
1578,151.72262982567642
1579,79.27491499440497
1580,40.622277805140335
1581,6.093725223273097
1582,0.8084292854056522
1583,0.46934285548039084
1584,-0.14266154525739722
1585,-0.1002476763873076
1586,-3.2239234422329277
1587,11.12095509768615
1588,36.84489165971415
1589,134.63013834318653
1590,287.9725747327728
1591,399.7314647906826
1592,534.2747279498909
1593,627.3246804095951
1594,674.4573318517328
1595,684.8485167839376
1596,688.750614888071
1597,609.0705743891905
1598,536.1790948154497
1599,410.8481395023276
1600,290.1807862093794
1601,205.21407245355505
1602,133.30783175577432
1603,70.39477884241974
1604,32.3786810221203
1605,2.845940209993969
1606,0.2862970231994997
1607,0.1687905821309095
1608,-0.3700092425062367
1609,1.1080811750887996
1610,0.7167621757228589
1611,2.9083959787864813
1612,14.837320173172635
1613,31.1982100924475
1614,45.15104481906548
1615,48.94540210891527
1616,66.48263989394066
1617,89.65766811468835
1618,90.16446482436845
1619,172.46601765232873
1620,198.0296942397653
1621,330.0991350540356
1622,315.55927423673415
1623,258.2046791563286
1624,225.09810571953864
1625,154.04577425986014
1626,93.48093947789555
1627,56.1325348894423
1628,27.69683484495961
1629,3.8944638613511424
1630,-0.18136179824698329
1631,-0.2602079343334771
1632,-0.14601155062756072
1633,-0.28553504863272505
1634,1.1876154494655473
1635,6.315551143621257
1636,17.544324059727437
1637,47.668018362340334
1638,95.59194422814892
1639,188.4335765848403
1640,281.0071732029332
1641,342.8929948087689
1642,413.22313069286804
1643,432.7062270920051
1644,469.966556016178
1645,478.82836787068476
1646,428.6243969070855
1647,247.99382418331638
1648,152.70130294109413
1649,106.33941183784431
1650,68.12073897524282
1651,28.7444128862519
1652,11.828589027487503
1653,2.672626422812466
1654,-0.5086980676661371
1655,0.4415261114558245
1656,0.20223406845893308
1657,-0.1693211186635708
1658,0.21526793400859784
1659,9.280212993267142
1660,13.449285362164309
1661,21.291611945467057
1662,62.94638924131811
1663,94.26566914675061
1664,186.78871617471486
1665,229.89585466138368
1666,204.22709676516664
1667,232.367423338462
1668,179.13682542989338
1669,203.0842481050134
1670,130.24567213179913
1671,108.16333289917965
1672,81.18759425287358
1673,70.17664855775816
1674,50.31719137212399
1675,40.317782593825044
1676,14.39536603149797
1677,1.770549320496066
1678,0.3372100973864392
1679,-0.05458488121157928
1680,-0.08798652597469646
1681,-0.06129098730760763
1682,0.9350873675235473
1683,7.9102315805074435
1684,22.46969589220698
1685,58.313619698249376
1686,101.13461835530319
1687,169.84393174597975
1688,236.36226931464722
1689,182.9971437993695
1690,120.43118929715997
1691,218.36301781283868
1692,337.0477087787323
1693,311.9053254304276
1694,295.6514638448175
1695,238.3079016688075
1696,212.4101469079302
1697,171.30732581630326
1698,137.61040881100556
1699,85.6406212817591
1700,38.77387402796066
1701,6.939433481017627
1702,0.3901279637550585
1703,0.03147351377081886
1704,-0.1991698937485737
1705,-0.08410353892378529
1706,1.7648484681912087
1707,9.720665003078391
1708,23.644339406588745
1709,73.43426170857761
1710,138.78460078763746
1711,160.8169666067
1712,217.75817748297882
1713,272.0635426803541
1714,364.9997413425851
1715,361.62545556103754
1716,340.3070296504775
1717,297.8992700418603
1718,275.6723308477273
1719,232.01150812360822
1720,200.66459929123718
1721,115.65045959617294
1722,71.50299622840875
1723,36.14380682023339
1724,13.061946285266345
1725,3.758861125199626
1726,-0.4456358560147712
1727,0.3856859696959483
1728,-0.1526622935971501
1729,1.0868609332849033
1730,1.8740646719860508
1731,10.517996882440642
1732,22.282159321021076
1733,58.96522992527566
1734,119.395792546795
1735,171.99132783714677
1736,218.0104751223131
1737,260.9593998874401
1738,350.3956337670148
1739,394.01749614043524
1740,366.5685079402254
1741,335.68459967842267
1742,283.8841495467185
1743,236.78225755227015
1744,166.32669059753454
1745,143.27611172706747
1746,99.64019845079308
1747,69.8202151945588
1748,29.004749061049846
1749,6.254852809758125
1750,0.2674482788761878
1751,0.1521584121663493
1752,-0.11339284136147522
1753,0.33662350402963603
1754,1.1637378066413788
1755,14.227477583808655
1756,38.665020883709786
1757,68.6501099186842
1758,154.75937985121095
1759,201.03126762022626
1760,335.36851033504763
1761,382.1526121435493
1762,422.1414958585552
1763,397.92956586660176
1764,416.6147639308551
1765,375.956863757223
1766,301.6904717558829
1767,149.9244340394961
1768,128.2747481095292
1769,86.75253161615852
1770,47.00626070367471
1771,30.244562437447236
1772,13.80114557655773
1773,4.047096781455339
1774,-0.46004366831060695
1775,0.1538939131438147
1776,-0.024377897726437562
1777,-0.19895227774900293
1778,0.4648663720987165
1779,4.379343302839588
1780,15.425677162957212
1781,43.12339743534684
1782,75.01080870508815
1783,116.44617079813096
1784,123.59143192882352
1785,133.2670279238058
1786,236.71472561972027
1787,296.7942422968499
1788,296.1538021972816
1789,215.09838607592206
1790,204.29510145169502
1791,182.3170507404572
1792,129.50633886031196
1793,85.40768251337617
1794,64.2554515424884
1795,41.9303779190157
1796,21.509768492791952
1797,4.1642338278888635
1798,0.035312903664242695
1799,0.05135604214899518
1800,-0.24424599823575652
1801,0.1544354177351283
1802,1.3675256866256111
1803,10.575217047418489
1804,27.0294154041506
1805,54.49461603121585
1806,76.01372920372616
1807,110.5916384598901
1808,163.00288522734917
1809,229.01271746232874
1810,331.23754728264043
1811,379.1267864860021
1812,413.8776016157906
1813,362.21741982161757
1814,234.23135362356018
1815,201.26424064899615
1816,145.92977699434815
1817,164.86333471062076
1818,116.10715287999746
1819,54.28732404117237
1820,23.69569401896624
1821,5.2885895141828305
1822,0.041483967801144876
1823,0.022149252500276023
1824,-0.1294842177315499
1825,-0.3238124105127485
1826,0.8060556026353604
1827,8.510807385640938
1828,29.729645683923938
1829,56.215647223010826
1830,74.56018599955995
1831,75.63483809216483
1832,110.4598928544695
1833,112.29500862216258
1834,191.4050704371491
1835,221.5498089872285
1836,241.3491129558745
1837,322.968423085868
1838,221.12648885023773
1839,169.01123283551058
1840,136.7174297729831
1841,121.30844505650977
1842,107.39937074362878
1843,76.62552404224559
1844,48.732027950478816
1845,17.6685989285866
1846,1.1491637534481414
1847,0.3593642927662552
1848,-0.30255842366457325
1849,-1.783056083959416
1850,1.1862717375297906
1851,11.086443607111017
1852,61.18884997522394
1853,159.16931977132913
1854,316.45644053791125
1855,426.36749872207497
1856,545.8906381314474
1857,679.8135728737386
1858,762.5739720689199
1859,692.9360800134654
1860,756.4353518755117
1861,719.0931475642695
1862,632.7188148172863
1863,526.3373810714353
1864,372.14677864378
1865,280.4859325354705
1866,175.88603045629588
1867,91.57372066882435
1868,56.50308588071938
1869,21.894951224591775
1870,1.814702418035558
1871,-0.09855044122703133
1872,-0.44656845969494385
1873,-1.7181643597918406
1874,4.479649083617896
1875,27.244446394990234
1876,61.12069827949084
1877,120.25879197959259
1878,261.4133175800822
1879,374.39366917151057
1880,465.03230988227347
1881,551.4092665794645
1882,612.6413562471582
1883,609.697656340156
1884,456.4301601293017
1885,298.149074601617
1886,173.1685427706128
1887,172.48598769753488
1888,238.10854089004388
1889,204.76682078193096
1890,104.01351200964486
1891,60.37956715481341
1892,39.21938996738051
1893,22.645264024883524
1894,0.8684403747456747
1895,-1.81086721735352
1896,0.16781656780256501
1897,-0.021339321146248192
1898,3.464457698517029
1899,14.46499416082884
1900,48.237574673147186
1901,88.62000622522686
1902,198.13006723972572
1903,383.0222975721814
1904,478.99622290747845
1905,530.7718002327969
1906,624.6981853100448
1907,603.329119859912
1908,668.4567805383491
1909,716.7555632133864
1910,617.0038924308035
1911,479.56403823268425
1912,386.00866750795814
1913,297.1576952398463
1914,183.6587533730234
1915,99.59707021007932
1916,63.80287986104254
1917,27.46900036941707
1918,4.482319296057806
1919,0.7820074764771184
1920,0.6336862569116408
1921,-1.5257189776085354
1922,4.220684840355115
1923,22.178168631563555
1924,65.67199389643247
1925,158.99643924827174
1926,302.2009596506199
1927,434.2086693763963
1928,556.5411263337515
1929,644.0889543350198
1930,738.8304134772186
1931,753.1453955297881
1932,737.0062200702503
1933,696.4628204257184
1934,596.5372637396226
1935,511.2366733767781
1936,380.9841185461379
1937,301.50485621813993
1938,182.9420723241786
1939,102.35141553703177
1940,62.179243937814924
1941,30.263090550163316
1942,5.495224422215222
1943,0.7682143341157283
1944,0.4639780169421464
1945,0.6568228314586804
1946,7.235316469127897
1947,23.057424211159
1948,63.165178270887054
1949,155.97032499428843
1950,285.20896968996647
1951,427.8307581106689
1952,555.7403766788058
1953,608.1373754306253
1954,687.0515493075723
1955,671.4263964187903
1956,506.60529757522727
1957,553.2099174040161
1958,503.9660649999861
1959,341.3046222965304
1960,294.7307939572719
1961,211.23231306080277
1962,131.53310589179762
1963,73.68239989146934
1964,39.383329084957936
1965,17.616706995621737
1966,4.962894354742174
1967,1.3016649297865457
1968,-0.42010104113900165
1969,1.8175530045136936
1970,4.843511980313151
1971,12.846015371526168
1972,26.538065967076392
1973,63.13398976856428
1974,93.62766719588294
1975,159.6517558804198
1976,179.42667665738944
1977,146.67028536935234
1978,87.37275183502314
1979,273.3489757363015
1980,423.1160036736219
1981,555.0626627566121
1982,476.59856451466
1983,405.1325462560785
1984,256.0213589306178
1985,219.77167946991247
1986,164.2208639527964
1987,94.69628187063668
1988,54.07164859765388
1989,24.263477791611873
1990,2.6999271703328844
1991,0.6027500737654745
1992,-1.3126706268206965
1993,-5.959697615381734
1994,-2.8063220564406723
1995,-3.093453170686009
1996,5.792601209885603
1997,8.37081181791775
1998,39.86230205999603
1999,60.50902122304627
2000,119.30110765607338
2001,134.3830287870991
2002,189.5889618679096
2003,169.60284634759785
2004,184.90474581441828
2005,192.6141031502926
2006,278.6369637267705
2007,338.2006245206961
2008,260.82520697394875
2009,168.61074803329637
2010,130.1731718850757
2011,79.74730147812076
2012,45.848216771914345
2013,17.56880136465626
2014,4.9259802282994105
2015,0.4903103610359214
2016,-0.1535577861119234
2017,-1.4319334484178614
2018,2.722672797694262
2019,14.735525551876094
2020,54.55531442764837
2021,161.2940173559362
2022,307.6928275862472
2023,424.68481557314743
2024,494.220413030479
2025,553.3934559212406
2026,645.2220142052499
2027,704.6903345254261
2028,685.1581217056507
2029,579.5013126458003
2030,499.12742802301733
2031,404.2973739865996
2032,218.65948842492136
2033,165.40469396842263
2034,88.96892132137083
2035,61.521530957323826
2036,48.15824564012646
2037,23.16531620739731
2038,4.5420157449289835
2039,-1.3429041237348533
2040,1.2573861795489583
2041,1.0593472501899115
2042,5.812347057674301
2043,24.611912066242123
2044,68.27627348433371
2045,144.85080657747753
2046,295.33975114632807
2047,405.88521136527226
2048,518.7289360130807
2049,537.2172679807884
2050,578.7973542927155
2051,665.1526751783696
2052,684.5048035898818
2053,622.4679799407158
2054,542.9536414834027
2055,414.0912280701534
2056,241.90682677690904
2057,191.12099640319082
2058,126.45436876373608
2059,68.70535974185053
2060,48.589450477224965
2061,16.114089394363297
2062,2.802903051495191
2063,0.11694497612776675
2064,-0.3923769421258365
2065,-0.15936951965509968
2066,3.3203570549278134
2067,17.67015337501992
2068,39.25415937140802
2069,87.84781949143824
2070,105.9794531475656
2071,90.06098693113279
2072,82.12185554061092
2073,97.48236386200809
2074,222.9643305257815
2075,233.61355256433734
2076,183.93853353151923
2077,202.63101052285813
2078,147.3149828277452
2079,100.55491779644089
2080,95.61823688650924
2081,83.67223210959953
2082,63.717607306625105
2083,34.10766428230806
2084,22.63797852406682
2085,12.576814905642307
2086,3.4810510289025145
2087,0.6701832012698489
2088,-1.9474475234313575
2089,-3.190840658910174
2090,-5.025545276679557
2091,8.325179426011086
2092,9.437706930153906
2093,32.276912538696735
2094,58.14984153640179
2095,70.56475792773473
2096,83.49916350553005
2097,87.04342904299641
2098,87.06930015587083
2099,105.34367004131043
2100,108.2653168321986
2101,169.91677114225465
2102,165.46855695539048
2103,153.9515585687464
2104,126.62988594509517
2105,106.63664045362223
2106,76.49002019362091
2107,42.817313667192145
2108,29.543716208680753
2109,14.89170051945821
2110,2.6555759822928864
2111,1.6253671662624576
2112,-6.836202591490188
2113,-6.895124425231672
2114,0.5774299260339885
2115,18.61522817137889
2116,36.67307911625233
2117,92.97114343381037
2118,169.59313457330995
2119,188.37338615440262
2120,334.75348251645653
2121,403.05324575081085
2122,455.961735824321
2123,448.2672693556603
2124,446.6576546997516
2125,426.3359823344338
2126,290.6416120820309
2127,214.4574859647351
2128,160.6394112139718
2129,110.43798446397199
2130,77.32342102468023
2131,62.87907927788438
2132,43.17195653615588
2133,14.717303731233915
2134,1.0221658552399837
2135,2.6365489479990227
2136,0.5271838374617466
2137,0.2269344600478065
2138,-2.794556802811975
2139,8.947771944854912
2140,18.45218839417499
2141,26.644624324417233
2142,25.036284308693762
2143,21.91223427490349
2144,63.83787968508579
2145,139.88100899296114
2146,203.99143815198525
2147,255.7394373249996
2148,357.57353962110113
2149,315.80976472230407
2150,194.71432399121767
2151,173.17860423332
2152,123.34897251986072
2153,89.60247942275988
2154,76.40163258317752
2155,46.37117353789497
2156,26.91940844832193
2157,9.854855360940956
2158,1.4240606838529801
2159,1.1049541982083955
